"symbol","company","identifier","sedol","weight","sector","shares_held","local_currency"
"MSFT","MICROSOFT CORP","594918104","2588173",0.07288553508746691,"-",87517515,"USD"
"NVDA","NVIDIA CORP","67066G104","2379504",0.0674275417478083,"-",289624972,"USD"
"AAPL","APPLE INC","037833100","2046251",0.06665909375256028,"-",169713408,"USD"
"AMZN","AMAZON.COM INC","023135106","2000019",0.03845075331130906,"-",107825840,"USD"
"META","META PLATFORMS INC CLASS A","30303M102","B7TL820",0.024385677677992944,"-",25802493,"USD"
"GOOGL","ALPHABET INC CL A","02079K305","BYVY8G0",0.023423531959600733,"-",69161372,"USD"
"GOOG","ALPHABET INC CL C","02079K107","BYY88Y7",0.019644870553283653,"-",57538103,"USD"
"BRK-B","BERKSHIRE HATHAWAY INC CL B","084670702","2073390",0.016106870240427226,"-",21315607,"USD"
"LLY","ELI LILLY + CO","532457108","2516152",0.015587061825845882,"-",9389878,"USD"
"AVGO","BROADCOM INC","11135F101","BDZ78H9",0.0150388499968111,"-",5128818,"USD"
"JPM","JPMORGAN CHASE + CO","46625H100","2190385",0.012295028300442103,"-",33811321,"USD"
"TSLA","TESLA INC","88160R101","B616C79",0.01180717372712088,"-",32644981,"USD"
"XOM","EXXON MOBIL CORP","30231G102","2326618",0.011130169168362885,"-",52818187,"USD"
"UNH","UNITEDHEALTH GROUP INC","91324P102","2917766",0.009661339646843235,"-",10836816,"USD"
"V","VISA INC CLASS A SHARES","92826C839","B2PZN04",0.009340115778819779,"-",18534539,"USD"
"PG","PROCTER + GAMBLE CO/THE","742718109","2704407",0.008570530849144909,"-",27788699,"USD"
"COST","COSTCO WHOLESALE CORP","22160K105","2701271",0.008251401334013034,"-",5228460,"USD"
"MA","MASTERCARD INC   A","57636Q104","B121557",0.008054382565569328,"-",9666615,"USD"
"JNJ","JOHNSON + JOHNSON","478160104","2475833",0.007665820265527047,"-",28347800,"USD"
"HD","HOME DEPOT INC","437076102","2434209",0.007346371610906932,"-",11668670,"USD"
"MRK","MERCK + CO. INC.","58933Y105","2778844",0.007227143092721939,"-",29839158,"USD"
"ABBV","ABBVIE INC","00287Y109","B92SR70",0.006553260117083303,"-",20788646,"USD"
"NFLX","NETFLIX INC","64110L106","2857817",0.006333004004652057,"-",5073693,"USD"
"WMT","WALMART INC","931142103","2936921",0.006326192371199916,"-",50295746,"USD"
"CVX","CHEVRON CORP","166764100","2838555",0.005796600336682188,"-",20180593,"USD"
"BAC","BANK OF AMERICA CORP","060505104","2295677",0.005754354246926301,"-",80108375,"USD"
"AMD","ADVANCED MICRO DEVICES","007903107","2007849",0.005520654383552907,"-",19025912,"USD"
"KO","COCA COLA CO/THE","191216100","2206657",0.005385409052301826,"-",45650501,"USD"
"ADBE","ADOBE INC","00724F101","2008154",0.005136330654838825,"-",5274993,"USD"
"CRM","SALESFORCE INC","79466L302","2310525",0.0051087649815420196,"-",11407422,"USD"
"PEP","PEPSICO INC","713448108","2681511",0.00497230293099202,"-",16190621,"USD"
"QCOM","QUALCOMM INC","747525103","2714923",0.0047842799068731024,"-",13163439,"USD"
"ORCL","ORACLE CORP","68389X105","2661568",0.00478316291866426,"-",18787040,"USD"
"TMO","THERMO FISHER SCIENTIFIC INC","883556102","2886907",0.004620232236808282,"-",4494106,"USD"
"LIN","LINDE PLC","G54950103","BNZHB81",0.004570416557315682,"-",5659927,"USD"
"WFC","WELLS FARGO + CO","949746101","2649100",0.004310258035745318,"-",41048525,"USD"
"AMAT","APPLIED MATERIALS INC","038222105","2046552",0.0041923958334943575,"-",9803958,"USD"
"ACN","ACCENTURE PLC CL A","G1151C101","B4BNMY3",0.0041468685908749945,"-",7391071,"USD"
"CSCO","CISCO SYSTEMS INC","17275R102","2198163",0.004114864884069838,"-",47675880,"USD"
"DIS","WALT DISNEY CO/THE","254687106","2270726",0.004039647695935066,"-",21464629,"USD"
"MCD","MCDONALD S CORP","580135101","2550707",0.004029455178529372,"-",8485130,"USD"
"ABT","ABBOTT LABORATORIES","002824100","2002305",0.003948204259445046,"-",20438663,"USD"
"INTU","INTUIT INC","461202103","2459020",0.003874183844391176,"-",3299586,"USD"
"GE","GENERAL ELECTRIC CO","369604301","BL59CR9",0.0038131982828101454,"-",12887880,"USD"
"TXN","TEXAS INSTRUMENTS INC","882508104","2885409",0.003803993103196197,"-",10695539,"USD"
"VZ","VERIZON COMMUNICATIONS INC","92343V104","2090571",0.0037404843450362614,"-",49508267,"USD"
"AMGN","AMGEN INC","031162100","2023607",0.0036317774568542112,"-",6303330,"USD"
"DHR","DANAHER CORP","235851102","2250870",0.0036180744050778686,"-",7746236,"USD"
"CAT","CATERPILLAR INC","149123101","2180201",0.0034651766708834633,"-",5758146,"USD"
"PM","PHILIP MORRIS INTERNATIONAL","718172109","B2PKRQ3",0.003433143044751285,"-",18281337,"USD"
"IBM","INTL BUSINESS MACHINES CORP","459200101","2005973",0.003413466100679433,"-",10783030,"USD"
"MU","MICRON TECHNOLOGY INC","595112103","2588184",0.0034109728234275514,"-",13008761,"USD"
"ISRG","INTUITIVE SURGICAL INC","46120E602","2871301",0.003404101351321365,"-",4176153,"USD"
"PFE","PFIZER INC","717081103","2684703",0.003358304834758798,"-",66496475,"USD"
"NOW","SERVICENOW INC","81762P102","B80NXX8",0.00335434551048281,"-",2415651,"USD"
"NEE","NEXTERA ENERGY INC","65339F101","2328915",0.0032651360504104762,"-",24161774,"USD"
"CMCSA","COMCAST CORP CLASS A","20030N101","2044545",0.003244272306366728,"-",46086379,"USD"
"UBER","UBER TECHNOLOGIES INC","90353T100","BK6N347",0.0032104534937222023,"-",24602121,"USD"
"GS","GOLDMAN SACHS GROUP INC","38141G104","2407966",0.0031877447245120616,"-",3796624,"USD"
"SPGI","S+P GLOBAL INC","78409V104","BYV2325",0.0031124377783962216,"-",3768943,"USD"
"HON","HONEYWELL INTERNATIONAL INC","438516106","2020459",0.003013953326946887,"-",7667015,"USD"
"LRCX","LAM RESEARCH CORP","512807108","2502247",0.0030040400565934044,"-",1544848,"USD"
"UNP","UNION PACIFIC CORP","907818108","2914734",0.002956468326627498,"-",7178402,"USD"
"BKNG","BOOKING HOLDINGS INC","09857L108","BDRXDB4",0.002929600770961219,"-",399403,"USD"
"RTX","RTX CORP","75513E101","BM5M5Y3",0.0029161271006920494,"-",15635610,"USD"
"T","AT+T INC","00206R102","2831811",0.002909475036984028,"-",84202864,"USD"
"COP","CONOCOPHILLIPS","20825C104","2685717",0.0028815004662179136,"-",13770428,"USD"
"AXP","AMERICAN EXPRESS CO","025816109","2026082",0.002842705072178631,"-",6690647,"USD"
"INTC","INTEL CORP","458140100","2463247",0.002802912367238596,"-",49829520,"USD"
"-","US DOLLAR","999USDZ92","-",0.0027533659616892,"-",1494894070.19,"USD"
"ETN","EATON CORP PLC","G29183103","B8KQN82",0.0027312456059105034,"-",4703530,"USD"
"TJX","TJX COMPANIES INC","872540109","2989301",0.002714869760920143,"-",13334452,"USD"
"LOW","LOWE S COS INC","548661107","2536763",0.002714660325630985,"-",6736807,"USD"
"ELV","ELEVANCE HEALTH INC","036752103","BSPHGL4",0.002693208168155793,"-",2736616,"USD"
"VRTX","VERTEX PHARMACEUTICALS INC","92532F100","2931034",0.0026491669187785516,"-",3034430,"USD"
"PGR","PROGRESSIVE CORP","743315103","2705024",0.002641497597951763,"-",6888682,"USD"
"MS","MORGAN STANLEY","617446448","2262314",0.002634297013248328,"-",14761527,"USD"
"C","CITIGROUP INC","172967424","2297907",0.002529948373702567,"-",22426006,"USD"
"SYK","STRYKER CORP","863667101","2853688",0.002497565688755125,"-",3982297,"USD"
"NKE","NIKE INC  CL B","654106103","2640147",0.0024711967885392224,"-",14264229,"USD"
"REGN","REGENERON PHARMACEUTICALS","75886F107","2730190",0.002451489925140348,"-",1244895,"USD"
"ADI","ANALOG DEVICES INC","032654105","2032067",0.0024508017806188285,"-",5840142,"USD"
"BSX","BOSTON SCIENTIFIC CORP","101137107","2113434",0.0024494753571208273,"-",17249047,"USD"
"BLK","BLACKROCK INC","09247X101","2494504",0.002388330225795676,"-",1646710,"USD"
"KLAC","KLA CORP","482480100","2480138",0.0023747867437634534,"-",1585332,"USD"
"SCHW","SCHWAB (CHARLES) CORP","808513105","2779397",0.0023653222633153097,"-",17529509,"USD"
"MDT","MEDTRONIC PLC","G5960L103","BTN1Y11",0.0023099814814325392,"-",15667275,"USD"
"CB","CHUBB LTD","H1467J104","B3BQMF6",0.002287272712222399,"-",4776097,"USD"
"PANW","PALO ALTO NETWORKS INC","697435105","B87ZMX0",0.0022791845208172943,"-",3804472,"USD"
"MMC","MARSH + MCLENNAN COS","571748102","2567741",0.002252805647492384,"-",5802571,"USD"
"BA","BOEING CO/THE","097023105","2108601",0.0022219887406591237,"-",6758490,"USD"
"PLD","PROLOGIS INC","74340W103","B44WZD7",0.0022127336955001385,"-",10880951,"USD"
"UPS","UNITED PARCEL SERVICE CL B","911312106","2517382",0.0021676751890041287,"-",8519021,"USD"
"LMT","LOCKHEED MARTIN CORP","539830109","2522096",0.002162768419372425,"-",2514484,"USD"
"ADP","AUTOMATIC DATA PROCESSING","053015103","2065308",0.002112703412154637,"-",4819153,"USD"
"DE","DEERE + CO","244199105","2261203",0.0021124740306474638,"-",3048317,"USD"
"CI","THE CIGNA GROUP","125523100","BHJ0775",0.0020796924213397207,"-",3344782,"USD"
"SNPS","SYNOPSYS INC","871607107","2867719",0.0019745459330733576,"-",1791162,"USD"
"TMUS","T MOBILE US INC","872590104","B94Q9V0",0.0019714841886080466,"-",6071021,"USD"
"CMG","CHIPOTLE MEXICAN GRILL INC","169656105","B0X7DZ3",0.0019598156510692395,"-",16156205,"USD"
"AMT","AMERICAN TOWER CORP","03027X100","B7FBFL2",0.0019481570866394398,"-",5489782,"USD"
"MDLZ","MONDELEZ INTERNATIONAL INC A","609207105","B8CKK03",0.0019471797219567022,"-",15864171,"USD"
"SBUX","STARBUCKS CORP","855244109","2842255",0.0019448958799939784,"-",13341077,"USD"
"BX","BLACKSTONE INC","09260D107","BKF2SL7",0.0019242415712393888,"-",8414389,"USD"
"CRWD","CROWDSTRIKE HOLDINGS INC   A","22788C105","BJJP138",0.0019028093599822119,"-",2716038,"USD"
"FI","FISERV INC","337738108","2342034",0.0019001166205501797,"-",6889046,"USD"
"BMY","BRISTOL MYERS SQUIBB CO","110122108","2126335",0.0018754132295385338,"-",23958184,"USD"
"GILD","GILEAD SCIENCES INC","375558103","2369174",0.001873149333793825,"-",14673127,"USD"
"SO","SOUTHERN CO/THE","842587107","2829601",0.0018505602418917753,"-",12846555,"USD"
"CDNS","CADENCE DESIGN SYS INC","127387108","2302232",0.0018251587332496026,"-",3203495,"USD"
"ANET","ARISTA NETWORKS INC","040413106","BN33VM5",0.0018247498357802938,"-",2960010,"USD"
"CL","COLGATE PALMOLIVE CO","194162103","2209106",0.0017539806542628783,"-",9694540,"USD"
"APH","AMPHENOL CORP CL A","032095101","2145084",0.0017387317705903687,"-",14056232,"USD"
"MO","ALTRIA GROUP INC","02209S103","2692632",0.001726863770871411,"-",20223748,"USD"
"ICE","INTERCONTINENTAL EXCHANGE IN","45866F104","BFSSDS9",0.001705670914230415,"-",6740408,"USD"
"ZTS","ZOETIS INC","98978V103","B95WG16",0.0017016318050823663,"-",5405925,"USD"
"WM","WASTE MANAGEMENT INC","94106L109","2937667",0.0016904619229939355,"-",4315641,"USD"
"MCK","MCKESSON CORP","58155Q103","2378534",0.0016900530255246269,"-",1530434,"USD"
"DUK","DUKE ENERGY CORP","26441C204","B7VD3F2",0.0016708946831211662,"-",9076351,"USD"
"CVS","CVS HEALTH CORP","126650100","2577609",0.0016558153423017847,"-",14827564,"USD"
"TT","TRANE TECHNOLOGIES PLC","G8994E103","BK9ZQ96",0.001618615645703707,"-",2664959,"USD"
"TDG","TRANSDIGM GROUP INC","893641100","B11FJK3",0.0015609710756401976,"-",651508,"USD"
"EOG","EOG RESOURCES INC","26875P101","2318024",0.0015526834220549422,"-",6766754,"USD"
"FCX","FREEPORT MCMORAN INC","35671D857","2352118",0.0015391199938047048,"-",16891831,"USD"
"KKR","KKR + CO INC","48251W104","BG1FRR1",0.0015267832579623933,"-",7836430,"USD"
"EQIX","EQUINIX INC","29444U700","BVLZX12",0.0015266436344362876,"-",1117267,"USD"
"CME","CME GROUP INC","12572Q105","2965839",0.0015246988781798198,"-",4240818,"USD"
"SHW","SHERWIN WILLIAMS CO/THE","824348106","2804211",0.0015015812115003711,"-",2746276,"USD"
"NXPI","NXP SEMICONDUCTORS NV","N6596X109","B505PN7",0.0014870404185673958,"-",3010631,"USD"
"TGT","TARGET CORP","87612E106","2259101",0.0014731478777199102,"-",5434661,"USD"
"BDX","BECTON DICKINSON AND CO","075887109","2087807",0.0014554156899045261,"-",3411584,"USD"
"FDX","FEDEX CORP","31428X106","2142784",0.00145406932018851,"-",2665392,"USD"
"GD","GENERAL DYNAMICS CORP","369550108","2365161",0.0014444851624322759,"-",2662745,"USD"
"CEG","CONSTELLATION ENERGY","21037T109","BMH4FS1",0.0014377433407431874,"-",3711653,"USD"
"ABNB","AIRBNB INC CLASS A","009066101","BMGYYH4",0.0014361775626290053,"-",5198330,"USD"
"MCO","MOODY S CORP","615369105","2252058",0.0014324376467511827,"-",1853212,"USD"
"HCA","HCA HEALTHCARE INC","40412C101","B4MGBG6",0.001431101250144174,"-",2282039,"USD"
"SLB","SCHLUMBERGER LTD","806857108","2779201",0.0014278799359347424,"-",16769192,"USD"
"ITW","ILLINOIS TOOL WORKS","452308109","2457552",0.001409080625455553,"-",3202593,"USD"
"PH","PARKER HANNIFIN CORP","701094104","2671501",0.0014007331332162524,"-",1513053,"USD"
"CSX","CSX CORP","126408103","2160753",0.001399476521481304,"-",23017865,"USD"
"MSI","MOTOROLA SOLUTIONS INC","620076307","B5BKPQ4",0.001383579385723305,"-",1955053,"USD"
"AON","AON PLC CLASS A","G0403H108","BLP1HW5",0.0013616485190157518,"-",2560109,"USD"
"ORLY","O REILLY AUTOMOTIVE INC","67103H107","B65LWX6",0.0013484341495807778,"-",696683,"USD"
"USB","US BANCORP","902973304","2736035",0.0013410839682422302,"-",18335952,"USD"
"MPC","MARATHON PETROLEUM CORP","56585A102","B3K3L40",0.0013317890306472145,"-",4148418,"USD"
"CTAS","CINTAS CORP","172908105","2197137",0.0013258151383517055,"-",1017456,"USD"
"ECL","ECOLAB INC","278865100","2304227",0.0013245684997257644,"-",2988361,"USD"
"PYPL","PAYPAL HOLDINGS INC","70450Y103","BYW36M8",0.0013215865401325136,"-",12316035,"USD"
"WELL","WELLTOWER INC","95040Q104","BYVYHH4",0.001320419686378633,"-",7040170,"USD"
"EMR","EMERSON ELECTRIC CO","291011104","2313405",0.0013122217907744454,"-",6713580,"USD"
"PNC","PNC FINANCIAL SERVICES GROUP","693475105","2692665",0.001311573538688956,"-",4690713,"USD"
"NOC","NORTHROP GRUMMAN CORP","666807102","2648806",0.001301949488496692,"-",1638209,"USD"
"ROP","ROPER TECHNOLOGIES INC","776696106","2749602",0.0012857032939234297,"-",1252015,"USD"
"PSX","PHILLIPS 66","718546104","B78C4Y8",0.001285065014946948,"-",4991455,"USD"
"APD","AIR PRODUCTS + CHEMICALS INC","009158106","2011602",0.0012721498387821997,"-",2619238,"USD"
"MAR","MARRIOTT INTERNATIONAL  CL A","571903202","2210614",0.0012565120038583965,"-",2824730,"USD"
"MMM","3M CO","88579Y101","2595708",0.0012166195678282863,"-",6511016,"USD"
"EW","EDWARDS LIFESCIENCES CORP","28176E108","2567116",0.0012041432084598693,"-",7140353,"USD"
"AJG","ARTHUR J GALLAGHER + CO","363576109","2359506",0.0011848153232032808,"-",2537568,"USD"
"PCAR","PACCAR INC","693718108","2665861",0.001183379195506197,"-",6160645,"USD"
"HLT","HILTON WORLDWIDE HOLDINGS IN","43300A203","BYVMW06",0.0011655472766007376,"-",2970247,"USD"
"CARR","CARRIER GLOBAL CORP","14448C104","BK4N0D7",0.0011423797443762512,"-",9866891,"USD"
"GM","GENERAL MOTORS CO","37045V100","B665KZ5",0.001132506366458799,"-",13433970,"USD"
"COF","CAPITAL ONE FINANCIAL CORP","14040H105","2654461",0.0011300230623159245,"-",4485818,"USD"
"ADSK","AUTODESK INC","052769106","2065159",0.0011279087632063286,"-",2517183,"USD"
"WMB","WILLIAMS COS INC","969457100","2967181",0.0011168685315349957,"-",14338712,"USD"
"AZO","AUTOZONE INC","053332102","2065955",0.001098916935321446,"-",203651,"USD"
"ROST","ROSS STORES INC","778296103","2746711",0.0010899710565416938,"-",3978625,"USD"
"VLO","VALERO ENERGY CORP","91913Y100","2041364",0.001089103396058039,"-",3850164,"USD"
"AIG","AMERICAN INTERNATIONAL GROUP","026874784","2027342",0.0010721191914182194,"-",7814320,"USD"
"TFC","TRUIST FINANCIAL CORP","89832Q109","BKP7287",0.0010647091714256266,"-",15670017,"USD"
"GEV","GE VERNOVA INC","36828A101","BP6H4Y1",0.0010625649529890082,"-",3204995,"USD"
"MCHP","MICROCHIP TECHNOLOGY INC","595017104","2592174",0.0010567306842196045,"-",6371277,"USD"
"SPG","SIMON PROPERTY GROUP INC","828806109","2812452",0.0010442942172872176,"-",3841581,"USD"
"NSC","NORFOLK SOUTHERN CORP","655844108","2641894",0.0010421799181776217,"-",2662864,"USD"
"NEM","NEWMONT CORP","651639106","2636607",0.0010374726107260687,"-",13589348,"USD"
"CPRT","COPART INC","217204106","2208073",0.0010319475083358986,"-",10255902,"USD"
"SRE","SEMPRA","816851109","2138158",0.0010311097671792662,"-",7415879,"USD"
"DLR","DIGITAL REALTY TRUST INC","253868103","B03GQS4",0.00102891568319761,"-",3803051,"USD"
"F","FORD MOTOR CO","345370860","2615468",0.001025435068153983,"-",45973606,"USD"
"KMB","KIMBERLY CLARK CORP","494368103","2491839",0.0010200396161809107,"-",3979412,"USD"
"TRV","TRAVELERS COS INC/THE","89417E109","2769503",0.001019441229640459,"-",2690228,"USD"
"OKE","ONEOK INC","682680103","2130109",0.0010189525472990902,"-",6869791,"USD"
"AFL","AFLAC INC","001055102","2026361",0.0010005022956351643,"-",6088353,"USD"
"O","REALTY INCOME CORP","756109104","2724193",0.000994827596609881,"-",10252918,"USD"
"AEP","AMERICAN ELECTRIC POWER","025537101","2026242",0.0009942192369604217,"-",6193143,"USD"
"PSA","PUBLIC STORAGE","74460D109","2852533",0.0009899008807601624,"-",1865369,"USD"
"TEL","TE CONNECTIVITY LTD","H84989104","B62B7C3",0.0009818525817910876,"-",3605773,"USD"
"DXCM","DEXCOM INC","252131107","B0796X4",0.0009789603801789047,"-",4682506,"USD"
"JCI","JOHNSON CONTROLS INTERNATION","G51502105","BY7QL61",0.0009729765147743881,"-",8014915,"USD"
"BK","BANK OF NEW YORK MELLON CORP","064058100","B1Z77F6",0.0009514944379721738,"-",8805137,"USD"
"HUM","HUMANA INC","444859102","2445063",0.0009434461390030991,"-",1418559,"USD"
"AMP","AMERIPRISE FINANCIAL INC","03076C106","B0J7D57",0.000943087107078828,"-",1180120,"USD"
"MET","METLIFE INC","59156R108","2573209",0.0009220538201819523,"-",7033040,"USD"
"PRU","PRUDENTIAL FINANCIAL INC","744320102","2819118",0.0009207972084470039,"-",4250393,"USD"
"LHX","L3HARRIS TECHNOLOGIES INC","502431109","BK9DTN5",0.0009187726673184759,"-",2232111,"USD"
"URI","UNITED RENTALS INC","911363109","2134781",0.0009174761631474972,"-",790895,"USD"
"STZ","CONSTELLATION BRANDS INC A","21036P108","2170473",0.0009136365161795992,"-",1900045,"USD"
"DHI","DR HORTON INC","23331A109","2250687",0.000908909262510031,"-",3516800,"USD"
"SMCI","SUPER MICRO COMPUTER INC","86800U104","B1VQR35",0.0009080316289173687,"-",593145,"USD"
"FIS","FIDELITY NATIONAL INFO SERV","31620M106","2769796",0.0009046108525277867,"-",6549451,"USD"
"CCI","CROWN CASTLE INC","22822V101","BTGQCX1",0.0009033243214658157,"-",5112546,"USD"
"OXY","OCCIDENTAL PETROLEUM CORP","674599105","2655408",0.0009005019316166854,"-",7776564,"USD"
"ALL","ALLSTATE CORP","020002101","2019952",0.000899494647606925,"-",3083907,"USD"
"D","DOMINION ENERGY INC","25746U109","2542049",0.0008940593031978226,"-",9856085,"USD"
"HES","HESS CORP","42809H107","2023748",0.000881533078284368,"-",3252314,"USD"
"IDXX","IDEXX LABORATORIES INC","45168D104","2459202",0.0008813535623222325,"-",979340,"USD"
"MRNA","MODERNA INC","60770K107","BGSXTS3",0.000880096950587284,"-",3902259,"USD"
"GWW","WW GRAINGER INC","384802104","2380863",0.0008705925777031103,"-",520110,"USD"
"RSG","REPUBLIC SERVICES INC","760759100","2262530",0.0008609186619658086,"-",2408261,"USD"
"COR","CENCORA INC","03073E105","2795393",0.0008561215965331878,"-",1958936,"USD"
"MPWR","MONOLITHIC POWER SYSTEMS INC","609839105","B01Z7J1",0.0008481830017631958,"-",564037,"USD"
"OTIS","OTIS WORLDWIDE CORP","68902V107","BK531S8",0.0008453107463690279,"-",4793179,"USD"
"A","AGILENT TECHNOLOGIES INC","00846U101","2520153",0.0008446325749565161,"-",3445631,"USD"
"PWR","QUANTA SERVICES INC","74762E102","2150204",0.0008413713683110544,"-",1713658,"USD"
"IQV","IQVIA HOLDINGS INC","46266C105","BDR73G1",0.0008392770154194738,"-",2157732,"USD"
"MSCI","MSCI INC","55354G100","B2972D2",0.0008358362928118767,"-",932010,"USD"
"VRSK","VERISK ANALYTICS INC","92345Y106","B4P9W92",0.0008350683634182971,"-",1680083,"USD"
"AME","AMETEK INC","031100100","2089212",0.0008334327735410626,"-",2716410,"USD"
"CMI","CUMMINS INC","231021106","2240202",0.000832455408858325,"-",1604605,"USD"
"KMI","KINDER MORGAN INC","49456B101","B3NQ4P8",0.0008279974291319601,"-",22773355,"USD"
"RCL","ROYAL CARIBBEAN CRUISES LTD","V7780T103","2754907",0.0008267607636150266,"-",2781125,"USD"
"CTVA","CORTEVA INC","22052L104","BK73B42",0.0008196798562196821,"-",8296615,"USD"
"PAYX","PAYCHEX INC","704326107","2674458",0.000818901953717095,"-",3787435,"USD"
"PCG","P G + E CORP","69331C108","2689560",0.0008140550227394366,"-",25140887,"USD"
"DOW","DOW INC","260557103","BHXCF84",0.000809337742178876,"-",8259680,"USD"
"YUM","YUM  BRANDS INC","988498101","2098876",0.0008036430969355778,"-",3306471,"USD"
"NUE","NUCOR CORP","670346105","2651086",0.0008036032044995477,"-",2822855,"USD"
"FTNT","FORTINET INC","34959E109","B5B2106",0.0008031843339212315,"-",7504302,"USD"
"ACGL","ARCH CAPITAL GROUP LTD","G0450A105","2740542",0.0008030247641771111,"-",4369913,"USD"
"LEN","LENNAR CORP A","526057104","2511920",0.0007983074836165506,"-",2910091,"USD"
"GIS","GENERAL MILLS INC","370334104","2367026",0.0007907578400978522,"-",6690469,"USD"
"PEG","PUBLIC SERVICE ENTERPRISE GP","744573106","2707677",0.0007900796686853403,"-",5867349,"USD"
"IR","INGERSOLL RAND INC","45687V106","BL5GZ82",0.0007888130838413843,"-",4769202,"USD"
"FICO","FAIR ISAAC CORP","303250104","2330299",0.0007881947510829176,"-",291115,"USD"
"FAST","FASTENAL CO","311900104","2332262",0.0007865092956606455,"-",6734274,"USD"
"CNC","CENTENE CORP","15135B101","2807061",0.0007846343511672303,"-",6290692,"USD"
"SYY","SYSCO CORP","871829107","2868165",0.0007806151882371966,"-",5863600,"USD"
"KDP","KEURIG DR PEPPER INC","49271V100","BD3W133",0.0007766957563972383,"-",12272749,"USD"
"MNST","MONSTER BEVERAGE CORP","61174X109","BZ07BW4",0.0007761871278378544,"-",8351468,"USD"
"KVUE","KENVUE INC","49177J102","BQ84ZQ6",0.0007721280724717908,"-",22550484,"USD"
"FANG","DIAMONDBACK ENERGY INC","25278X109","B7Y8YR3",0.0007653663045646871,"-",2109788,"USD"
"LULU","LULULEMON ATHLETICA INC","550021109","B23FN39",0.0007612174912175557,"-",1355887,"USD"
"IT","GARTNER INC","366651107","2372763",0.0007548047821257154,"-",917818,"USD"
"EXC","EXELON CORP","30161N101","2670519",0.0007520422309306303,"-",11733030,"USD"
"BKR","BAKER HUGHES CO","05722G100","BDHLTQ5",0.0007507955923046893,"-",11825730,"USD"
"EA","ELECTRONIC ARTS INC","285512109","2310194",0.00074470202270109,"-",2876315,"USD"
"CTSH","COGNIZANT TECH SOLUTIONS A","192446102","2257019",0.0007410718110223499,"-",5890983,"USD"
"DD","DUPONT DE NEMOURS INC","26614N102","BK0VN47",0.0007256434113877048,"-",4922830,"USD"
"EXR","EXTRA SPACE STORAGE INC","30225T102","B02HWR9",0.0007201582014335646,"-",2490587,"USD"
"MLM","MARTIN MARIETTA MATERIALS","573284106","2572079",0.0007187420199544957,"-",728476,"USD"
"GEHC","GE HEALTHCARE TECHNOLOGY","36266G107","BL6JPG8",0.0007174455157835172,"-",4993896,"USD"
"VMC","VULCAN MATERIALS CO","929160109","2931205",0.000709068104217194,"-",1565709,"USD"
"XYL","XYLEM INC","98419M100","B3P2CN8",0.0007071133748517187,"-",2818567,"USD"
"BIIB","BIOGEN INC","09062X103","2455965",0.0007051187530502131,"-",1705557,"USD"
"KR","KROGER CO","501044101","2497406",0.0007006508002148407,"-",7703631,"USD"
"ODFL","OLD DOMINION FREIGHT LINE","679580100","2656423",0.0006832576981057127,"-",2107278,"USD"
"DFS","DISCOVER FINANCIAL SERVICES","254709108","B1YLC43",0.0006810436679060416,"-",2949826,"USD"
"DAL","DELTA AIR LINES INC","247361702","B1W9D46",0.0006730951000270421,"-",7585014,"USD"
"ED","CONSOLIDATED EDISON INC","209115104","2216850",0.0006722473857614023,"-",4070339,"USD"
"HWM","HOWMET AEROSPACE INC","443201108","BKLJ8V2",0.0006708112580643184,"-",4610158,"USD"
"MTD","METTLER TOLEDO INTERNATIONAL","592688105","2126249",0.0006689762060069332,"-",254472,"USD"
"HIG","HARTFORD FINANCIAL SVCS GRP","416515104","2476193",0.00066503682794896,"-",3531616,"USD"
"ROK","ROCKWELL AUTOMATION INC","773903109","2754060",0.0006647875002237716,"-",1351861,"USD"
"HPQ","HP INC","40434L105","BYX4D52",0.0006605389557865649,"-",10220197,"USD"
"HAL","HALLIBURTON CO","406216101","2405302",0.0006604292515874821,"-",10536772,"USD"
"ADM","ARCHER DANIELS MIDLAND CO","039483102","2047317",0.0006505159812339997,"-",5821426,"USD"
"DVN","DEVON ENERGY CORP","25179M103","2480677",0.0006502068148547664,"-",7556089,"USD"
"CDW","CDW CORP/DE","12514G108","BBM5MD6",0.0006492194770630212,"-",1579706,"USD"
"CSGP","COSTAR GROUP INC","22160N109","2262864",0.0006443924923033779,"-",4802527,"USD"
"XEL","XCEL ENERGY INC","98389B100","2614807",0.0006405628184444872,"-",6465531,"USD"
"PPG","PPG INDUSTRIES INC","693506107","2698470",0.0006382191378277182,"-",2766544,"USD"
"ON","ON SEMICONDUCTOR","682189105","2583576",0.0006351075278173697,"-",5058230,"USD"
"GLW","CORNING INC","219350105","2224701",0.000634997823618287,"-",9006252,"USD"
"EFX","EQUIFAX INC","294429105","2319146",0.000630519897673907,"-",1445950,"USD"
"VICI","VICI PROPERTIES INC","925652109","BYWH073",0.0006281961632751531,"-",12185347,"USD"
"TSCO","TRACTOR SUPPLY COMPANY","892356106","2900335",0.0006260718910565497,"-",1273084,"USD"
"CHTR","CHARTER COMMUNICATIONS INC A","16119P108","BZ6VT82",0.0006247055751225184,"-",1163186,"USD"
"AVB","AVALONBAY COMMUNITIES INC","053484101","2131179",0.0006206664659744697,"-",1652842,"USD"
"WAB","WABTEC CORP","929740108","2955733",0.000620048133216003,"-",2112596,"USD"
"TRGP","TARGA RESOURCES CORP","87612G101","B55PZY3",0.000616607410608406,"-",2625693,"USD"
"DG","DOLLAR GENERAL CORP","256677105","B5B1S13",0.0006142238375556069,"-",2585143,"USD"
"VST","VISTRA CORP","92840M102","BZ8VJQ8",0.0006085291923123088,"-",3845753,"USD"
"ANSS","ANSYS INC","03662Q105","2045623",0.0006054574747379902,"-",1023035,"USD"
"EIX","EDISON INTERNATIONAL","281020107","2829515",0.000596870627882509,"-",4510214,"USD"
"HSY","HERSHEY CO/THE","427866108","2422806",0.0005960029673988542,"-",1767754,"USD"
"RMD","RESMED INC","761152107","2732903",0.0005943673775216196,"-",1730022,"USD"
"WTW","WILLIS TOWERS WATSON PLC","G96629103","BDB6Q21",0.0005904279994636462,"-",1215854,"USD"
"EBAY","EBAY INC","278642103","2293819",0.0005891514415106827,"-",5957676,"USD"
"HPE","HEWLETT PACKARD ENTERPRISE","42824C109","BYVYWS0",0.0005822699962954887,"-",15111491,"USD"
"NTAP","NETAPP INC","64110D104","2630643",0.000577133845156612,"-",2439798,"USD"
"FSLR","FIRST SOLAR INC","336433107","B1HMF22",0.0005757475830045657,"-",1260806,"USD"
"EL","ESTEE LAUDER COMPANIES CL A","518439104","2320524",0.0005713793612592686,"-",2739967,"USD"
"CBRE","CBRE GROUP INC   A","12504L109","B6WVMH3",0.000569344847021733,"-",3505934,"USD"
"TROW","T ROWE PRICE GROUP INC","74144T108","2702337",0.0005645777009161348,"-",2630889,"USD"
"IRM","IRON MOUNTAIN INC","46284V101","BVFTF03",0.0005601795598438151,"-",3438568,"USD"
"KHC","KRAFT HEINZ CO/THE","500754106","BYRY499",0.0005578558254450613,"-",9371281,"USD"
"FTV","FORTIVE CORP","34959J108","BYT3MK1",0.0005577062288099484,"-",4143953,"USD"
"CHD","CHURCH + DWIGHT CO INC","171340102","2195841",0.0005550733280319611,"-",2884438,"USD"
"DECK","DECKERS OUTDOOR CORP","243537107","2267278",0.0005465263736125099,"-",302395,"USD"
"AWK","AMERICAN WATER WORKS CO INC","030420103","B2R3PV1",0.000544900756844283,"-",2283100,"USD"
"DOV","DOVER CORP","260003108","2278407",0.0005425171837914838,"-",1648120,"USD"
"TTWO","TAKE TWO INTERACTIVE SOFTWRE","874054109","2122117",0.000540781862824174,"-",1863716,"USD"
"CAH","CARDINAL HEALTH INC","14149Y108","2175672",0.0005363338562068168,"-",2880235,"USD"
"GRMN","GARMIN LTD","H2906T109","B3Z5T14",0.0005359149856285007,"-",1805462,"USD"
"WEC","WEC ENERGY GROUP INC","92939U106","BYY8XK8",0.0005351370831259135,"-",3717793,"USD"
"IFF","INTL FLAVORS + FRAGRANCES","459506101","2464165",0.0005334117352676111,"-",3010780,"USD"
"FITB","FIFTH THIRD BANCORP","316773100","2336747",0.0005317761453903767,"-",8035653,"USD"
"MTB","M + T BANK CORP","55261F104","2340168",0.0005306192647455035,"-",1955558,"USD"
"LYB","LYONDELLBASELL INDU CL A","N53745100","B3SPXZ3",0.0005286046967259829,"-",2996422,"USD"
"NVR","NVR INC","62944T105","2637785",0.00052845510009087,"-",37475,"USD"
"GPN","GLOBAL PAYMENTS INC","37940X102","2712013",0.0005267098060145527,"-",3005120,"USD"
"WDC","WESTERN DIGITAL CORP","958102105","2954699",0.0005250742161373182,"-",3777364,"USD"
"WST","WEST PHARMACEUTICAL SERVICES","955306105","2950482",0.0005192698666949371,"-",871004,"USD"
"KEYS","KEYSIGHT TECHNOLOGIES IN","49338L103","BQZJ0Q9",0.0005149814298217003,"-",2057386,"USD"
"BR","BROADRIDGE FINANCIAL SOLUTIO","11133T103","B1VP7R6",0.0005119196853563894,"-",1386781,"USD"
"PHM","PULTEGROUP INC","745867101","2708841",0.0005062848787671363,"-",2497737,"USD"
"EQR","EQUITY RESIDENTIAL","29476L107","2319157",0.0005050282670321878,"-",4031086,"USD"
"RJF","RAYMOND JAMES FINANCIAL INC","754730109","2718992",0.0004963915546316689,"-",2217780,"USD"
"DTE","DTE ENERGY COMPANY","233331107","2280220",0.0004944767177022236,"-",2430692,"USD"
"NDAQ","NASDAQ INC","631103108","2965107",0.0004928511009339966,"-",4477627,"USD"
"ZBH","ZIMMER BIOMET HOLDINGS INC","98956P102","2783815",0.0004906969093883707,"-",2464296,"USD"
"ETR","ENTERGY CORP","29364G103","2317087",0.0004887621262409104,"-",2494008,"USD"
"TER","TERADYNE INC","880770102","2884183",0.00048738583719787153,"-",1801697,"USD"
"STT","STATE STREET CORP","857477103","2842040",0.0004772631315552311,"-",3556414,"USD"
"VLTO","VERALTO CORP","92338C103","BPGMZQ5",0.0004683671183205165,"-",2584802,"USD"
"DLTR","DOLLAR TREE INC","256746108","2272476",0.0004670406948225153,"-",2451644,"USD"
"BRO","BROWN + BROWN INC","115236101","2692687",0.0004637894612860613,"-",2779957,"USD"
"STE","STERIS PLC","G8473T100","BFY8C75",0.0004634304293617904,"-",1164371,"USD"
"PTC","PTC INC","69370C100","B95N910",0.0004588727185453503,"-",1402810,"USD"
"SBAC","SBA COMMUNICATIONS CORP","78410G104","BZ6TS23",0.00045293871868587135,"-",1270413,"USD"
"AXON","AXON ENTERPRISE INC","05464C101","BDT5S35",0.0004484408465234764,"-",831300,"USD"
"WY","WEYERHAEUSER CO","962166104","2958936",0.00044312517942246424,"-",8604647,"USD"
"CTRA","COTERRA ENERGY INC","127097103","2162340",0.00044284593237025347,"-",8855826,"USD"
"TYL","TYLER TECHNOLOGIES INC","902252105","2909644",0.0004427561743891857,"-",491964,"USD"
"PPL","PPL CORP","69351T106","2680905",0.00044164915928935017,"-",8656546,"USD"
"INVH","INVITATION HOMES INC","46187W107","BD81GW9",0.00043530626196056267,"-",6785654,"USD"
"VTR","VENTAS INC","92276F100","2927925",0.00043446852080393034,"-",4731958,"USD"
"LDOS","LEIDOS HOLDINGS INC","525327102","BDV82B8",0.00043285287714471093,"-",1605354,"USD"
"ES","EVERSOURCE ENERGY","30040W108","BVVN4Q8",0.000432344248585327,"-",4120280,"USD"
"FE","FIRSTENERGY CORP","337932107","2100920",0.00043228440993128186,"-",6089844,"USD"
"HUBB","HUBBELL INC","443510607","BDFG6S3",0.0004322744368222743,"-",631292,"USD"
"STX","SEAGATE TECHNOLOGY HOLDINGS","G7997R103","BKVD2N4",0.00043067873938106986,"-",2275734,"USD"
"GDDY","GODADDY INC   CLASS A","380237107","BWFRFC6",0.00042741753273560837,"-",1659716,"USD"
"GPC","GENUINE PARTS CO","372460105","2367480",0.0004203266522312563,"-",1652845,"USD"
"CNP","CENTERPOINT ENERGY INC","15189T107","2440637",0.0004183519766477658,"-",7447172,"USD"
"BALL","BALL CORP","058498106","2073022",0.00041306622887377623,"-",3697115,"USD"
"CPAY","CORPAY INC","219948106","BMX5GK7",0.0004120489717550084,"-",827535,"USD"
"ULTA","ULTA BEAUTY INC","90384S303","B28TS42",0.00041167996672172993,"-",576241,"USD"
"CCL","CARNIVAL CORP","143658300","2523044",0.00040108852495573564,"-",11854281,"USD"
"STLD","STEEL DYNAMICS INC","858119100","2849472",0.0003997421552397194,"-",1739328,"USD"
"SYF","SYNCHRONY FINANCIAL","87165B103","BP96PS6",0.0003987248981209516,"-",4823594,"USD"
"APTV","APTIV PLC","G6095L109","B783TY6",0.00039845562417774837,"-",3203039,"USD"
"DRI","DARDEN RESTAURANTS INC","237194105","2289874",0.0003969796040446343,"-",1416783,"USD"
"HBAN","HUNTINGTON BANCSHARES INC","446150104","2445966",0.00039562326121961056,"-",16899708,"USD"
"AEE","AMEREN CORPORATION","023608102","2050832",0.00039478552006297823,"-",3056364,"USD"
"DPZ","DOMINO S PIZZA INC","25754A201","B01SD70",0.00039296044111460066,"-",410791,"USD"
"AVY","AVERY DENNISON CORP","053611109","2066408",0.000392511651209262,"-",951123,"USD"
"TDY","TELEDYNE TECHNOLOGIES INC","879360105","2503477",0.00039241192011918663,"-",554417,"USD"
"CINF","CINCINNATI FINANCIAL CORP","172062101","2196888",0.00039179358736071994,"-",1850683,"USD"
"ARE","ALEXANDRIA REAL ESTATE EQUIT","015271109","2009210",0.0003915642058535468,"-",1837786,"USD"
"EXPD","EXPEDITORS INTL WASH INC","302130109","2325507",0.00038986877732226713,"-",1663291,"USD"
"CBOE","CBOE GLOBAL MARKETS INC","12503M108","B5834C5",0.0003891906059097553,"-",1242975,"USD"
"MOH","MOLINA HEALTHCARE INC","60855R100","2212706",0.0003839946161168334,"-",685261,"USD"
"ESS","ESSEX PROPERTY TRUST INC","297178105","2316619",0.0003808730329974773,"-",756823,"USD"
"RF","REGIONS FINANCIAL CORP","7591EP100","B01R311",0.0003807234363623644,"-",10948456,"USD"
"OMC","OMNICOM GROUP","681919106","2279303",0.0003807034901443493,"-",2330575,"USD"
"J","JACOBS SOLUTIONS INC","46982L108","BNGC0D3",0.0003805339472912214,"-",1485615,"USD"
"PFG","PRINCIPAL FINANCIAL GROUP","74251V102","2803014",0.00037869889523383624,"-",2581691,"USD"
"CMS","CMS ENERGY CORP","125896100","2219224",0.00037828999776452765,"-",3445453,"USD"
"COO","COOPER COS INC/THE","216648501","BQPDXR3",0.00037793096584025663,"-",2332779,"USD"
"ALGN","ALIGN TECHNOLOGY INC","016255101","2679204",0.0003767641120863759,"-",839692,"USD"
"ATO","ATMOS ENERGY CORP","049560105","2315359",0.0003747196247398328,"-",1752180,"USD"
"LH","LABCORP HOLDINGS INC","504922105","BSBK800",0.00037418107685342625,"-",999593,"USD"
"WAT","WATERS CORP","941848103","2937689",0.00037280478781038747,"-",697236,"USD"
"BAX","BAXTER INTERNATIONAL INC","071813109","2085102",0.00037270505672031223,"-",5969139,"USD"
"NTRS","NORTHERN TRUST CORP","665859104","2648668",0.00037135868700429597,"-",2441531,"USD"
"MKC","MCCORMICK + CO NON VTG SHRS","579780206","2550161",0.00036879559798936137,"-",2958912,"USD"
"HOLX","HOLOGIC INC","436440101","2433530",0.000368087507249827,"-",2765290,"USD"
"TXT","TEXTRON INC","883203101","2885937",0.0003676087980174656,"-",2306271,"USD"
"SWKS","SKYWORKS SOLUTIONS INC","83088M102","2961053",0.0003675788786904431,"-",1880241,"USD"
"LUV","SOUTHWEST AIRLINES CO","844741108","2831543",0.0003674891207093753,"-",7013035,"USD"
"BLDR","BUILDERS FIRSTSOURCE INC","12008R107","B0BV2M7",0.0003658036652871032,"-",1452447,"USD"
"CLX","CLOROX COMPANY","189054109","2204026",0.00036419799473689124,"-",1461544,"USD"
"PKG","PACKAGING CORP OF AMERICA","695156109","2504566",0.0003627419208217922,"-",1055373,"USD"
"EQT","EQT CORP","26884L109","2319414",0.000361604986394934,"-",5199388,"USD"
"NRG","NRG ENERGY INC","629377508","2212922",0.0003595505259393834,"-",2454853,"USD"
"BBY","BEST BUY CO INC","086516101","2094670",0.00035313781684754317,"-",2275468,"USD"
"TSN","TYSON FOODS INC CL A","902494103","2909730",0.0003527089731602195,"-",3365473,"USD"
"EG","EVEREST GROUP LTD","G3223R108","2556868",0.00035217042527381303,"-",508267,"USD"
"CFG","CITIZENS FINANCIAL GROUP","174610105","BQRX1X3",0.00035144238831626346,"-",5486239,"USD"
"LVS","LAS VEGAS SANDS CORP","517834107","B02T2J7",0.0003510334908469548,"-",4350328,"USD"
"WRB","WR BERKLEY CORP","084423102","2093644",0.0003506445395956613,"-",2400393,"USD"
"EXPE","EXPEDIA GROUP INC","30212P303","B748CK2",0.0003505747278326086,"-",1494512,"USD"
"IP","INTERNATIONAL PAPER CO","460146103","2465254",0.00035013591103627735,"-",4078563,"USD"
"MAA","MID AMERICA APARTMENT COMM","59522J103","2589132",0.0003500561261642171,"-",1365920,"USD"
"WBD","WARNER BROS DISCOVERY INC","934423104","BM8JYX3",0.00034903886904544935,"-",26138656,"USD"
"MRO","MARATHON OIL CORP","565849106","2910970",0.00034850032115904284,"-",6641273,"USD"
"VRSN","VERISIGN INC","92343E102","2142922",0.0003448002977172501,"-",1045253,"USD"
"FDS","FACTSET RESEARCH SYSTEMS INC","303075105","2329770",0.0003424965095365112,"-",447366,"USD"
"ZBRA","ZEBRA TECHNOLOGIES CORP CL A","989207105","2989356",0.0003420477196311725,"-",604682,"USD"
"UAL","UNITED AIRLINES HOLDINGS INC","910047109","B4QG225",0.00034177844568796927,"-",3860255,"USD"
"BG","BUNGE GLOBAL SA","H11356104","BQ6BPG9",0.00033752990125076254,"-",1709612,"USD"
"DGX","QUEST DIAGNOSTICS INC","74834L100","2702791",0.0003352660055060538,"-",1313336,"USD"
"K","KELLANOVA","487836108","2486813",0.0003288034308691759,"-",3111113,"USD"
"IEX","IDEX CORP","45167R104","2456612",0.00032505354188234553,"-",886307,"USD"
"MAS","MASCO CORP","574599106","2570200",0.0003162572597377063,"-",2589024,"USD"
"PODD","INSULET CORP","45784P101","B1XGNW4",0.0003136941707227717,"-",823544,"USD"
"AMCR","AMCOR PLC","G0250X107","BJ1F307",0.0003084582884938197,"-",17019411,"USD"
"ENPH","ENPHASE ENERGY INC","29355A107","B65SQW4",0.0003047881843790496,"-",1607392,"USD"
"CF","CF INDUSTRIES HOLDINGS INC","125269100","B0G4K50",0.0003020854718380096,"-",2151830,"USD"
"ROL","ROLLINS INC","775711104","2747305",0.00030098842984718153,"-",3305337,"USD"
"SNA","SNAP ON INC","833034101","2818740",0.0003006992096859633,"-",623777,"USD"
"CE","CELANESE CORP","150870103","B05MZT4",0.00029927305509788683,"-",1173428,"USD"
"TRMB","TRIMBLE INC","896239100","2903958",0.0002977671156377502,"-",2929803,"USD"
"DOC","HEALTHPEAK PROPERTIES INC","42250P103","BJBLRK3",0.00029725848707836625,"-",8331916,"USD"
"L","LOEWS CORP","540424108","2523022",0.00029716872909729854,"-",2155824,"USD"
"GEN","GEN DIGITAL INC","668771108","BJN4XN5",0.00029568273585517694,"-",6636399,"USD"
"CAG","CONAGRA BRANDS INC","205887102","2215460",0.0002939174955608445,"-",5601088,"USD"
"JBL","JABIL INC","466313103","2471789",0.0002935883829635961,"-",1420156,"USD"
"AKAM","AKAMAI TECHNOLOGIES INC","00971T101","2507457",0.00028942959650745715,"-",1777015,"USD"
"NI","NISOURCE INC","65473P105","2645409",0.0002821392538229545,"-",5278479,"USD"
"RVTY","REVVITY INC","714046109","2305844",0.00027922710599275646,"-",1453221,"USD"
"JBHT","HUNT (JB) TRANSPRT SVCS INC","445658107","2445416",0.0002780502791298682,"-",960752,"USD"
"LYV","LIVE NATION ENTERTAINMENT IN","538034109","B0T7YX2",0.00027797049425780796,"-",1670955,"USD"
"LNT","ALLIANT ENERGY CORP","018802108","2973821",0.00027604568421935516,"-",2970205,"USD"
"AES","AES CORP","00130H105","2002479",0.00027564675985905404,"-",7914310,"USD"
"KEY","KEYCORP","493267108","2490911",0.00027510821197264753,"-",11039631,"USD"
"WRK","WESTROCK CO","96145D105","BYR0914",0.00027391143889174424,"-",2992217,"USD"
"HST","HOST HOTELS + RESORTS INC","44107P104","2567503",0.00027325321369724745,"-",8306654,"USD"
"SWK","STANLEY BLACK + DECKER INC","854502101","B3Q2FJ4",0.00027224592968748716,"-",1812964,"USD"
"VTRS","VIATRIS INC","92556V106","BMWS3X9",0.00027181708600016347,"-",14149207,"USD"
"KIM","KIMCO REALTY CORP","49446R109","2491594",0.0002713583229858172,"-",7849273,"USD"
"NDSN","NORDSON CORP","655663102","2641838",0.0002687154490988224,"-",634840,"USD"
"PNR","PENTAIR PLC","G7S00T104","BLS09M3",0.0002673192138377686,"-",1933055,"USD"
"UDR","UDR INC","902653104","2727910",0.0002664714995721287,"-",3575805,"USD"
"JKHY","JACK HENRY + ASSOCIATES INC","426281101","2469193",0.0002646563937327587,"-",859856,"USD"
"EVRG","EVERGY INC","30034W106","BFMXGR0",0.0002640879265193296,"-",2714011,"USD"
"POOL","POOL CORP","73278L105","2781585",0.00026200354673675636,"-",455522,"USD"
"LW","LAMB WESTON HOLDINGS INC","513272104","BDQZFJ3",0.00026199357362774884,"-",1691993,"USD"
"ALB","ALBEMARLE CORP","012653101","2046853",0.00025556091831789357,"-",1383626,"USD"
"EMN","EASTMAN CHEMICAL CO","277432100","2298386",0.00025285820577685363,"-",1398021,"USD"
"CPT","CAMDEN PROPERTY TRUST","133131102","2166320",0.00025209027638327397,"-",1259379,"USD"
"UHS","UNIVERSAL HEALTH SERVICES B","913903100","2923785",0.0002507837991032879,"-",717877,"USD"
"KMX","CARMAX INC","143130102","2983563",0.00025001586970970825,"-",1866367,"USD"
"INCY","INCYTE CORP","45337C102","2471950",0.0002494274562782641,"-",2193091,"USD"
"TECH","BIO TECHNE CORP","09073M104","BSHZ3Q0",0.0002469640983534048,"-",1859687,"USD"
"JNPR","JUNIPER NETWORKS INC","48203R104","2431846",0.00024694415213538976,"-",3756613,"USD"
"WBA","WALGREENS BOOTS ALLIANCE INC","931427108","BTN1Y44",0.0002443910362294627,"-",8473078,"USD"
"IPG","INTERPUBLIC GROUP OF COS INC","460690100","2466321",0.0002424662261910099,"-",4519077,"USD"
"LKQ","LKQ CORP","501889208","2971029",0.00024210719426673888,"-",3156731,"USD"
"QRVO","QORVO INC","74736K101","BR9YYP4",0.00024097025983988075,"-",1149235,"USD"
"SJM","JM SMUCKER CO/THE","832696405","2951452",0.00023951418592478173,"-",1207544,"USD"
"MGM","MGM RESORTS INTERNATIONAL","552953101","2547419",0.00023090739285128544,"-",2954709,"USD"
"NWSA","NEWS CORP   CLASS A","65249B109","BBGVT40",0.00023072787688914996,"-",4494870,"USD"
"CRL","CHARLES RIVER LABORATORIES","159864107","2604336",0.00022905239457588533,"-",601624,"USD"
"EPAM","EPAM SYSTEMS INC","29414B104","B44Z3T8",0.00022695804168430453,"-",674874,"USD"
"CHRW","C.H. ROBINSON WORLDWIDE INC","12541W209","2116228",0.0002258211072574464,"-",1373579,"USD"
"APA","APA CORP","03743Q108","BNNF1C1",0.00022363699638479787,"-",4239581,"USD"
"CTLT","CATALENT INC","148806102","BP96PQ4",0.00022026608554025356,"-",2129420,"USD"
"REG","REGENCY CENTERS CORP","758849103","2726177",0.00021942834438362123,"-",1939955,"USD"
"AOS","SMITH (A.O.) CORP","831865209","2816023",0.00021939842505659866,"-",1445986,"USD"
"ALLE","ALLEGION PLC","G0176J109","BFRT3W7",0.00021845097970088354,"-",1034511,"USD"
"FFIV","F5 INC","315616102","2427599",0.0002180420822315749,"-",699395,"USD"
"HII","HUNTINGTON INGALLS INDUSTRIE","446413106","B40SSC9",0.00021528950414549729,"-",468385,"USD"
"MOS","MOSAIC CO/THE","61945C103","B3NPHP6",0.00020973448242830447,"-",3847097,"USD"
"TPR","TAPESTRY INC","876030107","BF09HX3",0.00020728109761245268,"-",2698755,"USD"
"TFX","TELEFLEX INC","879369106","2881407",0.00020441881532729227,"-",554848,"USD"
"TAP","MOLSON COORS BEVERAGE CO   B","60871R209","B067BM3",0.00020418943382011912,"-",2187934,"USD"
"BBWI","BATH + BODY WORKS INC","070830104","BNNTGJ5",0.00019790637514537678,"-",2682825,"USD"
"CPB","CAMPBELL SOUP CO","134429109","2162845",0.00019515379705929914,"-",2322016,"USD"
"HRL","HORMEL FOODS CORP","440452100","2437264",0.0001895888022330988,"-",3406111,"USD"
"AIZ","ASSURANT INC","04621X108","2331430",0.0001879931047918944,"-",619298,"USD"
"BXP","BOSTON PROPERTIES INC","101121101","2019479",0.00018666668129389323,"-",1658961,"USD"
"PNW","PINNACLE WEST CAPITAL","723484101","2048804",0.00018433297378613178,"-",1323085,"USD"
"WYNN","WYNN RESORTS LTD","983134107","2963811",0.0001834054746484317,"-",1129883,"USD"
"HSIC","HENRY SCHEIN INC","806407102","2416962",0.0001831860662502661,"-",1540579,"USD"
"FOXA","FOX CORP   CLASS A","35137L105","BJJMGL2",0.00018214886291348324,"-",2873241,"USD"
"GNRC","GENERAC HOLDINGS INC","368736104","B6197Q2",0.00017941623104542067,"-",723389,"USD"
"MTCH","MATCH GROUP INC","57667L107","BK80XH9",0.00017864830165184104,"-",3198981,"USD"
"CZR","CAESARS ENTERTAINMENT INC","12769G100","BMWWGB0",0.0001759156697837785,"-",2503605,"USD"
"BF-B","BROWN FORMAN CORP CLASS B","115637209","2146838",0.00017040054050261578,"-",2130242,"USD"
"NCLH","NORWEGIAN CRUISE LINE HOLDIN","G66721104","B9CGTC3",0.0001674784195634102,"-",4888637,"USD"
"DVA","DAVITA INC","23918K108","2898087",0.00016623178093746926,"-",634885,"USD"
"DAY","DAYFORCE INC","15677J108","BFX1V56",0.00016589269523121331,"-",1804988,"USD"
"BWA","BORGWARNER INC","099724106","2111955",0.00016502503474755841,"-",2749230,"USD"
"HAS","HASBRO INC","418056107","2414580",0.00016060694745722372,"-",1502680,"USD"
"MKTX","MARKETAXESS HOLDINGS INC","57060D108","B03Q9D0",0.00015984899117265164,"-",442576,"USD"
"FRT","FEDERAL REALTY INVS TRUST","313745101","BN7P9B2",0.00015783442315313106,"-",864210,"USD"
"AAL","AMERICAN AIRLINES GROUP INC","02376R102","BCV7KT2",0.00015763496097298053,"-",7696267,"USD"
"RL","RALPH LAUREN CORP","751212101","B4V9661",0.0001549521946499556,"-",467794,"USD"
"FMC","FMC CORP","302491303","2328603",0.00015489235599591044,"-",1481332,"USD"
"GL","GLOBE LIFE INC","37959E102","BK6YKG1",0.0001545133778536244,"-",1008186,"USD"
"ETSY","ETSY INC","29786A106","BWTN5N1",0.00015438372743652653,"-",1408984,"USD"
"SOLV","SOLVENTUM CORP","83444M101","BMTQB43",0.00015214975101884037,"-",1627754,"USD"
"PAYC","PAYCOM SOFTWARE INC","70432V102","BL95MY0",0.0001490880065535294,"-",574073,"USD"
"IVZ","INVESCO LTD","G491BT108","B28XP76",0.0001465947293016475,"-",5313083,"USD"
"BEN","FRANKLIN RESOURCES INC","354613101","2350684",0.00013894535469287389,"-",3323161,"USD"
"BIO","BIO RAD LABORATORIES A","090572207","2098508",0.00012597033987408053,"-",245999,"USD"
"MHK","MOHAWK INDUSTRIES INC","608190104","2598699",0.00011897919045980372,"-",604793,"USD"
"PARA","PARAMOUNT GLOBAL CLASS B","92556H206","BKTNTR9",0.0001045680479439264,"-",5694189,"USD"
"FOX","FOX CORP   CLASS B","35137L204","BJJMGY5",0.00009201190370344921,"-",1556245,"USD"
"NWS","NEWS CORP   CLASS B","65249B208","BBGVT51",0.00007209560501541669,"-",1362896,"USD"
