"symbol","company","identifier","sedol","weight","sector","shares_held","local_currency"
"AAPL","APPLE INC","037833100","2046251",0.07743567434596137,"-",181367013,"USD"
"NVDA","NVIDIA CORP","67066G104","2379504",0.07448215191022241,"-",299087766,"USD"
"MSFT","MICROSOFT CORP","594918104","2588173",0.0452309139539366,"-",91728701,"USD"
"AMZN","AMAZON.COM INC","023135106","2000019",0.035444953523533405,"-",120876234,"USD"
"GOOGL","ALPHABET INC CL A","02079K305","BYVY8G0",0.029964132734080346,"-",72405215,"USD"
"AVGO","BROADCOM INC","11135F101","BDZ78H9",0.028396594458308586,"-",58472178,"USD"
"GOOG","ALPHABET INC CL C","02079K107","BYY88Y7",0.02415293414611913,"-",58361262,"USD"
"META","META PLATFORMS INC CLASS A","30303M102","B7TL820",0.0204074350172426,"-",27116162,"USD"
"MU","MICRON TECHNOLOGY INC","595112103","2588184",0.015888519745706486,"-",13927579,"USD"
"JPM","JPMORGAN CHASE + CO","46625H100","2190385",0.014938708521971975,"-",33094066,"USD"
"LLY","ELI LILLY + CO","532457108","2516152",0.014826826321993919,"-",9769964,"USD"
"BRK-B","BERKSHIRE HATHAWAY INC CL B","084670702","2073390",0.014266227846024665,"-",22642619,"USD"
"TSLA","TESLA INC","88160R101","B616C79",0.013625130466450084,"-",34769966,"USD"
"AMD","ADVANCED MICRO DEVICES","007903107","2007849",0.012632001312809686,"-",20139183,"USD"
"XOM","EXXONMOBIL HOLDINGS CORP","30233Q108","BVSRPD7",0.010037186462034269,"-",51174799,"USD"
"JNJ","JOHNSON + JOHNSON","478160104","2475833",0.010020781330321468,"-",29732596,"USD"
"V","VISA INC CLASS A SHARES","92826C839","B2PZN04",0.009414130735827534,"-",20491209,"USD"
"WMT","WALMART INC","931142103","2936921",0.007664200125842528,"-",54123938,"USD"
"ABBV","ABBVIE INC","00287Y109","B92SR70",0.007105377874596439,"-",21824150,"USD"
"CSCO","CISCO SYSTEMS INC","17275R102","2198163",0.007079582700948268,"-",48760454,"USD"
"MA","MASTERCARD INC   A","57636Q104","B121557",0.006964507287984752,"-",9961174,"USD"
"INTC","INTEL CORP","458140100","2463247",0.0067791612317599555,"-",58355243,"USD"
"COST","COSTCO WHOLESALE CORP","22160K105","2701271",0.006604203096528483,"-",5476540,"USD"
"AMAT","APPLIED MATERIALS INC","038222105","2046552",0.006421251950042782,"-",9802857,"USD"
"BAC","BANK OF AMERICA CORP","060505104","2295677",0.006345363247685207,"-",80590976,"USD"
"CAT","CATERPILLAR INC","149123101","2180201",0.006296547004169987,"-",5689581,"USD"
"UNH","UNITEDHEALTH GROUP INC","91324P102","2917766",0.005932909896660143,"-",11209767,"USD"
"GE","GENERAL ELECTRIC","369604301","BL59CR9",0.0059019257519106,"-",12879060,"USD"
"LRCX","LAM RESEARCH CORP","512807306","BSML4N7",0.005708656535965632,"-",15447657,"USD"
"CVX","CHEVRON CORP","166764100","2838555",0.005563944114980813,"-",23107873,"USD"
"PG","PROCTER + GAMBLE CO/THE","742718109","2704407",0.0054138730834547705,"-",28743024,"USD"
"HD","HOME DEPOT INC","437076102","2434209",0.005236310483882033,"-",12294225,"USD"
"KO","COCA COLA CO/THE","191216100","2206657",0.005092037129682716,"-",47794924,"USD"
"MRK","MERCK + CO. INC.","58933Y105","2778844",0.005053509019255024,"-",30496425,"USD"
"GS","GOLDMAN SACHS GROUP INC","38141G104","2407966",0.004837148881908946,"-",3641363,"USD"
"PM","PHILIP MORRIS INTERNATIONAL","718172109","B2PKRQ3",0.004771747888450493,"-",19244489,"USD"
"PLTR","PALANTIR TECHNOLOGIES INC A","69608A108","BN78DQ4",0.004723779842134535,"-",28339751,"USD"
"NFLX","NETFLIX INC","64110L106","2857817",0.004636994300464078,"-",51975093,"USD"
"RTX","RTX CORP","75513E101","BM5M5Y3",0.004602697197242121,"-",16628412,"USD"
"GEV","GE VERNOVA INC","36828A101","BP6H4Y1",0.004189006476185192,"-",3316917,"USD"
"WFC","WELLS FARGO + CO","949746101","2649100",0.0041789278976998336,"-",37785989,"USD"
"KLAC","KLA CORP","482480100","2480138",0.00415870088919506,"-",16137031,"USD"
"PANW","PALO ALTO NETWORKS INC","697435105","B87ZMX0",0.004026881065639037,"-",10013888,"USD"
"MS","MORGAN STANLEY","617446448","2262314",0.004024675752920954,"-",14801747,"USD"
"TXN","TEXAS INSTRUMENTS INC","882508104","2885409",0.00398005060144915,"-",11240308,"USD"
"LIN","LINDE PLC","G54950103","BNZHB81",0.003668143544303759,"-",5708898,"USD"
"C","CITIGROUP INC","172967424","2297907",0.0035522199341409795,"-",21059746,"USD"
"TMO","THERMO FISHER SCIENTIFIC INC","883556102","2886907",0.0032544827596185685,"-",4589759,"USD"
"ORCL","ORACLE CORP","68389X105","2661568",0.0031823959764718077,"-",20944336,"USD"
"IBM","INTL BUSINESS MACHINES CORP","459200101","2005973",0.0031809290942566124,"-",11605613,"USD"
"AMGN","AMGEN INC","031162100","2023607",0.0031755605049248073,"-",6659835,"USD"
"VZ","VERIZON COMMUNICATIONS INC","92343V104","2090571",0.0030927964158579146,"-",51574808,"USD"
"MCD","MCDONALD S CORP","580135101","2550707",0.003010321711717829,"-",8776152,"USD"
"PEP","PEPSICO INC","713448108","2681511",0.0029906235791137725,"-",16881733,"USD"
"SNDK","SANDISK CORP","80004C200","BSNPZV3",0.0029611162953700055,"-",1828005,"USD"
"NEE","NEXTERA ENERGY INC","65339F101","2328915",0.0028995371787035244,"-",25757318,"USD"
"-","US DOLLAR","999USDZ92","-",0.0028832817288494167,"-",2275190082.24,"USD"
"APH","AMPHENOL CORP CL A","032095101","2145084",0.002874640096207516,"-",15195451,"USD"
"CRWD","CROWDSTRIKE HOLDINGS INC   A","22788C105","BJJP138",0.002870688495138009,"-",12577068,"USD"
"STX","SEAGATE TECHNOLOGY HOLDINGS","G7997R103","BKVD2N4",0.00286655727583807,"-",2768694,"USD"
"ABT","ABBOTT LABORATORIES","002824100","2002305",0.002848785049815869,"-",21513735,"USD"
"ADI","ANALOG DEVICES INC","032654105","2032067",0.0028419395994782885,"-",6030197,"USD"
"QCOM","QUALCOMM INC","747525103","2714923",0.002805377310794771,"-",13018805,"USD"
"AXP","AMERICAN EXPRESS CO","025816109","2026082",0.0027938418288847968,"-",6573292,"USD"
"UNP","UNION PACIFIC CORP","907818108","2914734",0.0027814681285661387,"-",7333288,"USD"
"ANET","ARISTA NETWORKS INC","040413205","BL9XPM3",0.0027597842166367493,"-",12753234,"USD"
"WELL","WELLTOWER INC","95040Q104","BYVYHH4",0.00274402770631162,"-",8719124,"USD"
"TJX","TJX COMPANIES INC","872540109","2989301",0.00270682677503101,"-",13658740,"USD"
"WDC","WESTERN DIGITAL CORP","958102105","2954699",0.0026855619723059622,"-",4256054,"USD"
"SCHW","SCHWAB (CHARLES) CORP","808513105","2779397",0.0026658139457490077,"-",20191854,"USD"
"T","AT+T INC","00206R102","2831811",0.0026559549006563996,"-",85823415,"USD"
"DIS","WALT DISNEY CO/THE","254687106","2270726",0.0026270263867662477,"-",21448347,"USD"
"BA","BOEING CO/THE","097023105","2108601",0.0026097830366447632,"-",9736983,"USD"
"MRVL","MARVELL TECHNOLOGY INC","573874104","BNKJSM5",0.002591711446905175,"-",10810979,"USD"
"GILD","GILEAD SCIENCES INC","375558103","2369174",0.0025365586713719324,"-",15335528,"USD"
"DE","DEERE + CO","244199105","2261203",0.002457915822814399,"-",3103155,"USD"
"ETN","EATON CORP PLC","G29183103","B8KQN82",0.002422910225461293,"-",4796100,"USD"
"BLK","BLACKROCK INC","09290D101","BMZBBT7",0.0024006375648877093,"-",1783512,"USD"
"BKNG","BOOKING HOLDINGS INC","09857L108","BDRXDB4",0.002265564655602749,"-",9570937,"USD"
"CRM","SALESFORCE INC","79466L302","2310525",0.002222895347084539,"-",10104176,"USD"
"COP","CONOCOPHILLIPS","20825C104","2685717",0.0022040753480514837,"-",15047854,"USD"
"PFE","PFIZER INC","717081103","2684703",0.00220028340763125,"-",70378506,"USD"
"UBER","UBER TECHNOLOGIES INC","90353T100","BK6N347",0.002172422624333111,"-",25143027,"USD"
"PLD","PROLOGIS INC","74340W103","B44WZD7",0.002147984566203762,"-",11510058,"USD"
"CVS","CVS HEALTH CORP","126650100","2577609",0.0021383650120850636,"-",15759605,"USD"
"SPGI","S+P GLOBAL INC","78409V104","BYV2325",0.00208757296803509,"-",3745305,"USD"
"CB","CHUBB LTD","H1467J104","B3BQMF6",0.0020264229393635296,"-",4455294,"USD"
"COF","CAPITAL ONE FINANCIAL CORP","14040H105","2654461",0.0020168931943600472,"-",7686691,"USD"
"BMY","BRISTOL MYERS SQUIBB CO","110122108","2126335",0.0019996398654479838,"-",25222443,"USD"
"ISRG","INTUITIVE SURGICAL INC","46120E602","2871301",0.001978025805052651,"-",4374230,"USD"
"PGR","PROGRESSIVE CORP","743315103","2705024",0.0019735453280824273,"-",7217848,"USD"
"PH","PARKER HANNIFIN CORP","701094104","2671501",0.0019484586485654064,"-",1557286,"USD"
"DHR","DANAHER CORP","235851102","2250870",0.0019374819789278875,"-",7780478,"USD"
"DELL","DELL TECHNOLOGIES  C","24703L202","BHKD3S6",0.001933250971722153,"-",3573419,"USD"
"MO","ALTRIA GROUP INC","02209S103","2692632",0.0019052604641464797,"-",20626122,"USD"
"VRTX","VERTEX PHARMACEUTICALS INC","92532F100","2931034",0.001902905469569703,"-",3134829,"USD"
"LOW","LOWE S COS INC","548661107","2536763",0.0018546879534892561,"-",6918128,"USD"
"SBUX","STARBUCKS CORP","855244109","2842255",0.0018490698943929623,"-",14077149,"USD"
"LMT","LOCKHEED MARTIN CORP","539830109","2522096",0.001839400446321366,"-",2502535,"USD"
"SYK","STRYKER CORP","863667101","2853688",0.0018186246043347166,"-",4261673,"USD"
"HWM","HOWMET AEROSPACE INC","443201108","BKLJ8V2",0.0018033470759574062,"-",4942062,"USD"
"GLW","CORNING INC","219350105","2224701",0.001757464596872577,"-",9673641,"USD"
"APP","APPLOVIN CORP CLASS A","03831W108","BMV3LG4",0.001738185573472862,"-",3323233,"USD"
"VRT","VERTIV HOLDINGS CO A","92537N108","BL3LWS8",0.0017282067828932994,"-",4741742,"USD"
"NOW","SERVICENOW INC","81762P102","B80NXX8",0.0017041080036436557,"-",12738845,"USD"
"SO","SOUTHERN CO/THE","842587107","2829601",0.0017023916516639708,"-",13923688,"USD"
"BNY","BANK OF NEW YORK MELLON CORP","064058100","B1Z77F6",0.0016950871769597308,"-",8478110,"USD"
"MDT","MEDTRONIC PLC","G5960L103","BTN1Y11",0.0016925226277807834,"-",15858043,"USD"
"TT","TRANE TECHNOLOGIES PLC","G8994E103","BK9ZQ96",0.0016723455132289075,"-",2730269,"USD"
"EQIX","EQUINIX INC","29444U700","BVLZX12",0.0016143687399616485,"-",1216953,"USD"
"MCK","MCKESSON CORP","58155Q103","2378534",0.0015997897269249073,"-",1485063,"USD"
"ADP","AUTOMATIC DATA PROCESSING","053015103","2065308",0.0015954988469756954,"-",4937669,"USD"
"DUK","DUKE ENERGY CORP","26441C204","B7VD3F2",0.001572138498228939,"-",9629521,"USD"
"PNC","PNC FINANCIAL SERVICES GROUP","693475105","2692665",0.0015692346701702865,"-",4960261,"USD"
"NEM","NEWMONT CORP","651639106","2636607",0.001561970110628365,"-",13186600,"USD"
"GD","GENERAL DYNAMICS CORP","369550108","2365161",0.0015460140244916442,"-",3135008,"USD"
"USB","US BANCORP","902973304","2736035",0.0015426811084380703,"-",19173487,"USD"
"BX","BLACKSTONE INC","09260D107","BKF2SL7",0.0015419227203540234,"-",9175912,"USD"
"CSX","CSX CORP","126408103","2160753",0.00150663771686469,"-",22951379,"USD"
"ADBE","ADOBE INC","00724F101","2008154",0.0015041430192197992,"-",4992289,"USD"
"FTNT","FORTINET INC","34959E109","B5B2106",0.0014853928717208009,"-",7692075,"USD"
"ACN","ACCENTURE PLC CL A","G1151C101","B4BNMY3",0.001480533200708554,"-",7583344,"USD"
"CDNS","CADENCE DESIGN SYS INC","127387108","2302232",0.0014619526926494082,"-",3406940,"USD"
"PWR","QUANTA SERVICES INC","74762E102","2150204",0.0014569732761502065,"-",1853513,"USD"
"MMM","3M CO","88579Y101","2595708",0.0014550074544060325,"-",6441945,"USD"
"CME","CME GROUP INC","12572Q105","2965839",0.001448381537461203,"-",4475700,"USD"
"CMI","CUMMINS INC","231021106","2240202",0.0014295415808469887,"-",1704410,"USD"
"MPC","MARATHON PETROLEUM CORP","56585A102","B3K3L40",0.0014272364802231097,"-",3605669,"USD"
"VLO","VALERO ENERGY CORP","91913Y100","2041364",0.0014172277532718085,"-",3667500,"USD"
"FCX","FREEPORT MCMORAN INC","35671D857","2352118",0.0014113103304581277,"-",17756091,"USD"
"MRSH","MARSH + MCLENNAN COS","571748102","2567741",0.001382371837777396,"-",5950736,"USD"
"WM","WASTE MANAGEMENT INC","94106L109","2937667",0.0013757359420419866,"-",4563236,"USD"
"JCI","JOHNSON CONTROLS INTERNATION","G51502105","BY7QL61",0.0013694692615580214,"-",7536434,"USD"
"WMB","WILLIAMS COS INC","969457100","2967181",0.0013528745328242088,"-",15080504,"USD"
"CEG","CONSTELLATION ENERGY","21037T109","BMH4FS1",0.0013509685838235122,"-",3948313,"USD"
"UPS","UNITED PARCEL SERVICE CL B","911312106","2517382",0.0013200043966551294,"-",9221878,"USD"
"ICE","INTERCONTINENTAL EXCHANGE IN","45866F104","BFSSDS9",0.0013165916502769189,"-",6985291,"USD"
"INTU","INTUIT INC","461202103","2459020",0.0013154640469414283,"-",3415577,"USD"
"MAR","MARRIOTT INTERNATIONAL  CL A","571903202","2210614",0.0013123706218617637,"-",2703457,"USD"
"EMR","EMERSON ELECTRIC CO","291011104","2313405",0.0013090476845987694,"-",6918742,"USD"
"DDOG","DATADOG INC   CLASS A","23804L103","BKT9Y49",0.0013043277166546363,"-",4086556,"USD"
"PSX","PHILLIPS 66","718546104","B78C4Y8",0.0013041480984242043,"-",4951886,"USD"
"TRV","TRAVELERS COS INC/THE","89417E109","2769503",0.001299158703134423,"-",2626273,"USD"
"TMUS","T MOBILE US INC","872590104","B94Q9V0",0.0012908663281628063,"-",5748117,"USD"
"ELV","ELEVANCE HEALTH INC","036752103","BSPHGL4",0.001286196254171571,"-",2682450,"USD"
"CMCSA","COMCAST CORP CLASS A","20030N101","2044545",0.0012714974956478753,"-",44006107,"USD"
"GM","GENERAL MOTORS CO","37045V100","B665KZ5",0.001228468950668801,"-",11137172,"USD"
"AON","AON PLC CLASS A","G0403H108","BLP1HW5",0.00122758083830722,"-",2638247,"USD"
"ROST","ROSS STORES INC","778296103","2746711",0.001227191665474617,"-",3979355,"USD"
"MDLZ","MONDELEZ INTERNATIONAL INC A","609207105","B8CKK03",0.0012195279543095127,"-",15861628,"USD"
"HON","HONEYWELL INTERNATIONAL INC","438516205","BN7RHC5",0.0012187296510631478,"-",3913330,"USD"
"AMT","AMERICAN TOWER CORP","03027X100","B7FBFL2",0.001215965526072609,"-",5754579,"USD"
"NSC","NORFOLK SOUTHERN CORP","655844108","2641894",0.0012076432147292537,"-",2775452,"USD"
"SLB","SLB LTD","806857108","2779201",0.001205876968796671,"-",18465974,"USD"
"CI","THE CIGNA GROUP","125523100","BHJ0775",0.0012049090261104533,"-",3267110,"USD"
"RCL","ROYAL CARIBBEAN CRUISES LTD","V7780T103","2754907",0.0011911782102729752,"-",3081417,"USD"
"HOOD","ROBINHOOD MARKETS INC   A","770700102","BP0TQN6",0.0011851410419723397,"-",9777212,"USD"
"HLT","HILTON WORLDWIDE HOLDINGS IN","43300A203","BYVMW06",0.0011789641706035905,"-",2811914,"USD"
"SPG","SIMON PROPERTY GROUP INC","828806109","2812452",0.0011759505758485627,"-",4005444,"USD"
"ORLY","O REILLY AUTOMOTIVE INC","67103H107","B65LWX6",0.001175072442277561,"-",10235672,"USD"
"SHW","SHERWIN WILLIAMS CO/THE","824348106","2804211",0.0011750425059058223,"-",2833197,"USD"
"EOG","EOG RESOURCES INC","26875P101","2318024",0.0011698435560138702,"-",6579133,"USD"
"ITW","ILLINOIS TOOL WORKS","452308109","2457552",0.0011672989644160817,"-",3234011,"USD"
"SNPS","SYNOPSYS INC","871607107","2867719",0.001166380915682762,"-",2366097,"USD"
"CL","COLGATE PALMOLIVE CO","194162103","2209106",0.0011521112451539873,"-",9883950,"USD"
"NOC","NORTHROP GRUMMAN CORP","666807102","2648806",0.0011440982763185987,"-",1648724,"USD"
"MCO","MOODY S CORP","615369105","2252058",0.0011428010335432553,"-",1855679,"USD"
"AEP","AMERICAN ELECTRIC POWER","025537101","2026242",0.0011377118503476786,"-",6720286,"USD"
"TDG","TRANSDIGM GROUP INC","893641100","B11FJK3",0.0011254978106782939,"-",690466,"USD"
"CTAS","CINTAS CORP","172908105","2197137",0.0011203088395769212,"-",4190128,"USD"
"URI","UNITED RENTALS INC","911363109","2134781",0.0011055901234720662,"-",773484,"USD"
"MSI","MOTOROLA SOLUTIONS INC","620076307","B5BKPQ4",0.0011008102827844556,"-",2049661,"USD"
"KKR","KKR + CO INC","48251W104","BG1FRR1",0.0010998622976793973,"-",8539760,"USD"
"PCAR","PACCAR INC","693718108","2665861",0.0010992635702446235,"-",6500485,"USD"
"DASH","DOORDASH INC   A","25809K105","BN13P03",0.0010920489046555998,"-",4673937,"USD"
"ECL","ECOLAB INC","278865100","2304227",0.0010760329457754016,"-",3128809,"USD"
"CRH","CRH PLC","G25508105","B01ZKD6",0.0010758034335920717,"-",8253096,"USD"
"FDX","FEDEX CORP","31428X106","2142784",0.001067810422337842,"-",2711186,"USD"
"DLR","DIGITAL REALTY TRUST INC","253868103","B03GQS4",0.0010650762337190418,"-",4293259,"USD"
"MNST","MONSTER BEVERAGE CORP","61174X109","BZ07BW4",0.001064796827582814,"-",8813875,"USD"
"BSX","BOSTON SCIENTIFIC CORP","101137107","2113434",0.001058799574444497,"-",18358500,"USD"
"NXPI","NXP SEMICONDUCTORS NV","N6596X109","B505PN7",0.0010579713348263932,"-",3118920,"USD"
"ALL","ALLSTATE CORP","020002101","2019952",0.0010526925546098045,"-",3179371,"USD"
"HONA","HONEYWELL AEROSPACE INC","43849R105","BN7RHB4",0.0010455577193454171,"-",3913330,"USD"
"REGN","REGENERON PHARMACEUTICALS","75886F107","2730190",0.0010435819188106639,"-",1234299,"USD"
"MPWR","MONOLITHIC POWER SYSTEMS INC","609839105","B01Z7J1",0.0010289829481927636,"-",606364,"USD"
"APD","AIR PRODUCTS + CHEMICALS INC","009158106","2011602",0.0010201417397392712,"-",2751366,"USD"
"AJG","ARTHUR J GALLAGHER + CO","363576109","2359506",0.001018864454545087,"-",3173290,"USD"
"TFC","TRUIST FINANCIAL CORP","89832Q109","BKP7287",0.0010164196508530943,"-",15388609,"USD"
"HPE","HEWLETT PACKARD ENTERPRISE","42824C109","BYVYWS0",0.0010005334162504305,"-",16383468,"USD"
"TGT","TARGET CORP","87612E106","2259101",0.0009959032574215134,"-",5599740,"USD"
"WBD","WARNER BROS DISCOVERY INC","934423104","BM8JYX3",0.0009807055593688396,"-",30611954,"USD"
"KMI","KINDER MORGAN INC","49456B101","B3NQ4P8",0.000973001933041417,"-",24182584,"USD"
"D","DOMINION ENERGY INC","25746U109","2542049",0.0009673838739451233,"-",10863293,"USD"
"ABNB","AIRBNB INC CLASS A","009066101","BMGYYH4",0.0009606881054662367,"-",5161912,"USD"
"O","REALTY INCOME CORP","756109104","2724193",0.0009560080526844219,"-",11517372,"USD"
"FIX","COMFORT SYSTEMS USA INC","199908104","2036047",0.0009511184453004361,"-",433724,"USD"
"GWW","WW GRAINGER INC","384802104","2380863",0.0009508390391642083,"-",536336,"USD"
"TEL","TE CONNECTIVITY PLC","G87052109","BRC3N84",0.0009484042142627951,"-",3605269,"USD"
"COR","CENCORA INC","03073E105","2795393",0.0009476857413410665,"-",2403410,"USD"
"HCA","HCA HEALTHCARE INC","40412C101","B4MGBG6",0.0009470470987439746,"-",1918060,"USD"
"BKR","BAKER HUGHES CO","05722G100","BDHLTQ5",0.0009410298880244982,"-",12255603,"USD"
"SRE","SEMPRA","816851109","2138158",0.0009336954769485198,"-",8074295,"USD"
"CTVA","CORTEVA INC","22052L104","BK73B42",0.0009169111511936952,"-",8261416,"USD"
"AFL","AFLAC INC","001055102","2026361",0.0009074013637713721,"-",5657642,"USD"
"F","FORD MOTOR CO","345370860","2615468",0.0008993385009830854,"-",48342311,"USD"
"TRGP","TARGA RESOURCES CORP","87612G101","B55PZY3",0.0008990890312185963,"-",2650834,"USD"
"APO","APOLLO GLOBAL MANAGEMENT INC","03769M106","BN44JF6",0.000896883718500513,"-",5696465,"USD"
"DAL","DELTA AIR LINES INC","247361702","B1W9D46",0.0008855777487738686,"-",8062879,"USD"
"LHX","L3HARRIS TECHNOLOGIES INC","502431109","BK9DTN5",0.0008849790213390948,"-",2301100,"USD"
"NUE","NUCOR CORP","670346105","2651086",0.0008835919694485355,"-",2813036,"USD"
"OKE","ONEOK INC","682680103","2130109",0.0008822148963485559,"-",7781775,"USD"
"AME","AMETEK INC","031100100","2089212",0.0008723059573030501,"-",2831247,"USD"
"LITE","LUMENTUM HOLDINGS INC","55024U109","BYM9ZP2",0.0008669273891806659,"-",960854,"USD"
"FAST","FASTENAL CO","311900104","2332262",0.0008514003910388663,"-",14179828,"USD"
"PSA","PUBLIC STORAGE","74460D109","2852533",0.0008506020877925013,"-",2071498,"USD"
"CARR","CARRIER GLOBAL CORP","14448C104","BK4N0D7",0.0008472292565766093,"-",9642978,"USD"
"CAH","CARDINAL HEALTH INC","14149Y108","2175672",0.0008408827457680073,"-",2893122,"USD"
"KEYS","KEYSIGHT TECHNOLOGIES IN","49338L103","BQZJ0Q9",0.0008400345485687446,"-",2113216,"USD"
"CIEN","CIENA CORP","171779309","B1FLZ21",0.0008331491830688463,"-",1742612,"USD"
"COHR","COHERENT CORP","19247G107","BNG8Z81",0.0008306944005862739,"-",2416063,"USD"
"TER","TERADYNE INC","880770102","2884183",0.0008200370522473009,"-",1932942,"USD"
"ETR","ENTERGY CORP","29364G103","2317087",0.0008152971267220086,"-",5655300,"USD"
"ROK","ROCKWELL AUTOMATION INC","773903109","2754060",0.0008113654832336611,"-",1373918,"USD"
"FITB","FIFTH THIRD BANCORP","316773100","2336747",0.0008066854304518461,"-",11167669,"USD"
"MET","METLIFE INC","59156R108","2573209",0.0008052883997707072,"-",6675618,"USD"
"STT","STATE STREET CORP","857477103","2842040",0.0007998898740671638,"-",3418136,"USD"
"WAB","WABTEC CORP","929740108","2955733",0.0007990316980773216,"-",2095425,"USD"
"AZO","AUTOZONE INC","053332102","2065955",0.0007931242540542203,"-",203511,"USD"
"NKE","NIKE INC  CL B","654106103","2640147",0.0007911983474723648,"-",14815624,"USD"
"XEL","XCEL ENERGY INC","98389B100","2614807",0.0007886836922463149,"-",7710952,"USD"
"EBAY","EBAY INC","278642103","2293819",0.0007867478068738799,"-",5483808,"USD"
"VST","VISTRA CORP","92840M102","BZ8VJQ8",0.0007793734806355831,"-",3915210,"USD"
"DVN","DEVON ENERGY CORP","25179M103","2480677",0.000776659249597942,"-",14199695,"USD"
"PYPL","PAYPAL HOLDINGS INC","70450Y103","BYW36M8",0.0007741645519530513,"-",10895197,"USD"
"VTR","VENTAS INC","92276F100","2927925",0.0007618706819590301,"-",6005267,"USD"
"AMP","AMERIPRISE FINANCIAL INC","03076C106","B0J7D57",0.0007569910533656239,"-",1110276,"USD"
"EXC","EXELON CORP","30161N101","2670519",0.0007551549558989844,"-",12638275,"USD"
"EW","EDWARDS LIFESCIENCES CORP","28176E108","2567116",0.0007484591874200979,"-",7112341,"USD"
"ADSK","AUTODESK INC","052769106","2065159",0.0007465432596288219,"-",2607655,"USD"
"EA","ELECTRONIC ARTS INC","285512109","2310194",0.0007372031116463512,"-",2782460,"USD"
"CVNA","CARVANA CO","146869102","BYQHPG3",0.0007180039185712727,"-",8847222,"USD"
"HUM","HUMANA INC","444859102","2445063",0.0007165170787749179,"-",1483421,"USD"
"IDXX","IDEXX LABORATORIES INC","45168D104","2459202",0.0006869599010782531,"-",974613,"USD"
"BDX","BECTON DICKINSON AND CO","075887109","2087807",0.000685483040072478,"-",3403669,"USD"
"XYZ","BLOCK INC","852234103","BYNZGK1",0.0006805634963167535,"-",6610408,"USD"
"RSG","REPUBLIC SERVICES INC","760759100","2262530",0.0006789768686146031,"-",2470153,"USD"
"FLEX","FLEX LTD","Y2573F102","2353058",0.0006679802413959249,"-",4541261,"USD"
"CMG","CHIPOTLE MEXICAN GRILL INC","169656105","B0X7DZ3",0.0006665832107147862,"-",15843454,"USD"
"TTWO","TAKE TWO INTERACTIVE SOFTWRE","874054109","2122117",0.0006647071980858285,"-",2150115,"USD"
"AXON","AXON ENTERPRISE INC","05464C101","BDT5S35",0.0006631505067554166,"-",995841,"USD"
"PRU","PRUDENTIAL FINANCIAL INC","744320102","2819118",0.0006620328822105056,"-",4285892,"USD"
"MCHP","MICROCHIP TECHNOLOGY INC","595017104","2592174",0.0006598974210264792,"-",6684486,"USD"
"CBRE","CBRE GROUP INC   A","12504L109","B6WVMH3",0.0006595082481938762,"-",3617020,"USD"
"NDAQ","NASDAQ INC","631103108","2965107",0.0006569636565960878,"-",5518531,"USD"
"AIG","AMERICAN INTERNATIONAL GROUP","026874784","2027342",0.0006569337202243492,"-",6548622,"USD"
"MSCI","MSCI INC","55354G100","B2972D2",0.0006505772306251678,"-",899018,"USD"
"ODFL","OLD DOMINION FREIGHT LINE","679580100","2656423",0.0006495993091483706,"-",2260426,"USD"
"IBKR","INTERACTIVE BROKERS GRO CL A","45841N107","B1WT4X2",0.000643382522617303,"-",5502248,"USD"
"ED","CONSOLIDATED EDISON INC","209115104","2216850",0.0006432827347115074,"-",4552607,"USD"
"KDP","KEURIG DR PEPPER INC","49271V100","BD3W133",0.0006414566160354475,"-",16805105,"USD"
"YUM","YUM  BRANDS INC","988498101","2098876",0.0006377045907775319,"-",3404667,"USD"
"SYY","SYSCO CORP","871829107","2868165",0.0006293922582247562,"-",5906185,"USD"
"ADM","ARCHER DANIELS MIDLAND CO","039483102","2047317",0.000627526224386378,"-",5952404,"USD"
"OXY","OCCIDENTAL PETROLEUM CORP","674599105","2655408",0.0006243030750291791,"-",8968504,"USD"
"GRMN","GARMIN LTD","H2906T109","B3Z5T14",0.0006200221738705468,"-",2017822,"USD"
"PEG","PUBLIC SERVICE ENTERPRISE GP","744573106","2707677",0.0006178667551053613,"-",6155291,"USD"
"UAL","UNITED AIRLINES HOLDINGS INC","910047109","B4QG225",0.0006125380809358748,"-",4008885,"USD"
"A","AGILENT TECHNOLOGIES INC","00846U101","2520153",0.0006100134469192454,"-",3490893,"USD"
"DHI","DR HORTON INC","23331A109","2250687",0.000609544443762006,"-",3257648,"USD"
"PCG","P G + E CORP","69331C108","2689560",0.0006066805308656715,"-",27200781,"USD"
"HIG","HARTFORD INSURANCE GROUP INC","416515104","2476193",0.000601351856696185,"-",3386095,"USD"
"FANG","DIAMONDBACK ENERGY INC","25278X109","B7Y8YR3",0.0005947858124948328,"-",2397078,"USD"
"ROP","ROPER TECHNOLOGIES INC","776696106","2749602",0.0005921713693629874,"-",1246007,"USD"
"IRM","IRON MOUNTAIN INC","46284V101","BVFTF03",0.0005913431297448837,"-",3674498,"USD"
"KVUE","KENVUE INC","49177J102","BQ84ZQ6",0.0005854456645123621,"-",23715398,"USD"
"COIN","COINBASE GLOBAL INC  CLASS A","19260Q107","BMC9P69",0.0005831505426790628,"-",2747385,"USD"
"WEC","WEC ENERGY GROUP INC","92939U106","BYY8XK8",0.0005803564813167852,"-",4023499,"USD"
"KMB","KIMBERLY CLARK CORP","494368103","2491839",0.0005789594506356464,"-",4099592,"USD"
"VMC","VULCAN MATERIALS CO","929160109","2931205",0.0005777420381849397,"-",1602489,"USD"
"PAYX","PAYCHEX INC","704326107","2674458",0.000576983650100893,"-",3983724,"USD"
"WAT","WATERS CORP","941848103","2937689",0.0005697789633024487,"-",1211230,"USD"
"MTB","M + T BANK CORP","55261F104","2340168",0.0005691702570770954,"-",1808963,"USD"
"ACGL","ARCH CAPITAL GROUP LTD","G0450A105","2740542",0.0005658672773952603,"-",4298476,"USD"
"IQV","IQVIA HOLDINGS INC","46266C105","BDR73G1",0.0005571058992664042,"-",2061774,"USD"
"ON","ON SEMICONDUCTOR","682189105","2583576",0.0005461990811629422,"-",4840530,"USD"
"HBAN","HUNTINGTON BANCSHARES INC","446150104","2445966",0.0005445026867644166,"-",25038639,"USD"
"CCL","CARNIVAL CORP LTD","G2004J103","BVV7RC7",0.0005442133018376093,"-",15834654,"USD"
"MLM","MARTIN MARIETTA MATERIALS","573284106","2572079",0.0005377769819137913,"-",741849,"USD"
"STLD","STEEL DYNAMICS INC","858119100","2849472",0.0005312009589218596,"-",1674875,"USD"
"NTRS","NORTHERN TRUST CORP","665859104","2648668",0.0005286064733711732,"-",2285369,"USD"
"NTAP","NETAPP INC","64110D104","2630643",0.0005251737694118037,"-",2440619,"USD"
"EME","EMCOR GROUP INC","29084Q100","2474164",0.0005169013520213462,"-",549158,"USD"
"KR","KROGER CO","501044101","2497406",0.0005148157847902176,"-",7006599,"USD"
"JBL","JABIL INC","466313103","2471789",0.0005143767180047169,"-",1303079,"USD"
"EQT","EQT CORP","26884L109","2319414",0.000509077980206969,"-",7725182,"USD"
"CCI","CROWN CASTLE INC","22822V101","BTGQCX1",0.000507301755483807,"-",5400144,"USD"
"ZTS","ZOETIS INC","98978V103","B95WG16",0.000504767142676598,"-",5178235,"USD"
"EXPE","EXPEDIA GROUP INC","30212P303","B748CK2",0.0004987798683288604,"-",1413894,"USD"
"CASY","CASEY S GENERAL STORES INC","147528103","2179414",0.0004942894125680572,"-",457055,"USD"
"EXR","EXTRA SPACE STORAGE INC","30225T102","B02HWR9",0.0004902978963362321,"-",2609029,"USD"
"AEE","AMEREN CORPORATION","023608102","2050832",0.0004854881192768829,"-",3417162,"USD"
"DTE","DTE ENERGY COMPANY","233331107","2280220",0.0004794609297668271,"-",2569755,"USD"
"CBOE","CBOE GLOBAL MARKETS INC","12503M108","B5834C5",0.0004741621919690793,"-",1295249,"USD"
"EIX","EDISON INTERNATIONAL","281020107","2829515",0.0004736632524401012,"-",4752850,"USD"
"TDY","TELEDYNE TECHNOLOGIES INC","879360105","2503477",0.00047267535217272445,"-",572378,"USD"
"IR","INGERSOLL RAND INC","45687V106","BL5GZ82",0.0004714379821408587,"-",4394160,"USD"
"RJF","RAYMOND JAMES FINANCIAL INC","754730109","2718992",0.00047136813060680174,"-",2142583,"USD"
"CFG","CITIZENS FINANCIAL GROUP","174610105","BQRX1X3",0.00047061972131333456,"-",5223183,"USD"
"WDAY","WORKDAY INC CLASS A","98138H101","B8K6ZD1",0.0004704401030829024,"-",2516075,"USD"
"CNC","CENTENE CORP","15135B101","2807061",0.0004698812908104469,"-",5786294,"USD"
"TPR","TAPESTRY INC","876030107","BF09HX3",0.00046696748396121457,"-",2499390,"USD"
"FICO","FAIR ISAAC CORP","303250104","2330299",0.0004641335074366188,"-",286004,"USD"
"ATO","ATMOS ENERGY CORP","049560105","2315359",0.0004632154587032991,"-",2050983,"USD"
"BIIB","BIOGEN INC","09062X103","2455965",0.00046319550112213995,"-",1826247,"USD"
"RMD","RESMED INC","761152107","2732903",0.0004610799975192726,"-",1791593,"USD"
"VICI","VICI PROPERTIES INC","925652109","BYWH073",0.0004571084388686067,"-",13484157,"USD"
"VEEV","VEEVA SYSTEMS INC CLASS A","922475108","BFH3N85",0.00045699867217223147,"-",1854459,"USD"
"NRG","NRG ENERGY INC","629377508","2212922",0.0004507419704788457,"-",2605732,"USD"
"CNP","CENTERPOINT ENERGY INC","15189T107","2440637",0.00045047254313319754,"-",8077016,"USD"
"WTW","WILLIS TOWERS WATSON PLC","G96629103","BDB6Q21",0.00044751882112164696,"-",1166861,"USD"
"XYL","XYLEM INC","98419M100","B3P2CN8",0.00044709971191730534,"-",2936107,"USD"
"CINF","CINCINNATI FINANCIAL CORP","172062101","2196888",0.0004461617056028265,"-",1910999,"USD"
"LYV","LIVE NATION ENTERTAINMENT IN","538034109","B0T7YX2",0.0004444353748325621,"-",1954867,"USD"
"DXCM","DEXCOM INC","252131107","B0796X4",0.0004417111650043415,"-",4750580,"USD"
"OTIS","OTIS WORLDWIDE CORP","68902V107","BK531S8",0.0004395557462391559,"-",4739115,"USD"
"ES","EVERSOURCE ENERGY","30040W108","BVVN4Q8",0.0004390568067101779,"-",4638612,"USD"
"FISV","FISERV INC","337738108","2342034",0.00043662198180876454,"-",6586484,"USD"
"Q","QNITY ELECTRONICS INC","74743L100","BW1P234",0.00043541454814863744,"-",2583928,"USD"
"GEHC","GE HEALTHCARE TECHNOLOGY","36266G107","BL6JPG8",0.0004352249511276258,"-",5619041,"USD"
"DOV","DOVER CORP","260003108","2278407",0.00043423705086024903,"-",1664578,"USD"
"WSM","WILLIAMS SONOMA INC","969904101","2967589",0.00043192197144579055,"-",1454110,"USD"
"DG","DOLLAR GENERAL CORP","256677105","B5B1S13",0.0004252860757103813,"-",2723539,"USD"
"PPL","PPL CORP","69351T106","2680905",0.0004240686632596747,"-",9292780,"USD"
"VRSK","VERISK ANALYTICS INC","92345Y106","B4P9W92",0.0004238491298669243,"-",1618413,"USD"
"ARES","ARES MANAGEMENT CORP   A","03990B101","BF14BT1",0.0004217635626357957,"-",2605014,"USD"
"MTD","METTLER TOLEDO INTERNATIONAL","592688105","2126249",0.00042052619260392993,"-",248329,"USD"
"HAL","HALLIBURTON CO","406216101","2405302",0.0004200072954937927,"-",10315132,"USD"
"HSY","HERSHEY CO/THE","427866108","2422806",0.00041882979820540435,"-",1834142,"USD"
"PPG","PPG INDUSTRIES INC","693506107","2698470",0.00041331152701490614,"-",2752976,"USD"
"CPRT","COPART INC","217204106","2208073",0.0004132716118525879,"-",10946995,"USD"
"HUBB","HUBBELL INC","443510607","BDFG6S3",0.00041212405093593823,"-",653075,"USD"
"SW","SMURFIT WESTROCK PLC","G8267P108","BRK49M5",0.00041149538712942574,"-",6482494,"USD"
"AWK","AMERICAN WATER WORKS CO INC","030420103","B2R3PV1",0.0004112758537366754,"-",2411819,"USD"
"RF","REGIONS FINANCIAL CORP","7591EP100","B01R311",0.0004106172535584242,"-",10540687,"USD"
"AVB","AVALONBAY COMMUNITIES INC","053484101","2131179",0.00040789304373020364,"-",1716069,"USD"
"FE","FIRSTENERGY CORP","337932107","2100920",0.0004018858118013069,"-",6429967,"USD"
"DGX","QUEST DIAGNOSTICS INC","74834L100","2702791",0.00040166627840855653,"-",1367123,"USD"
"TROW","T ROWE PRICE GROUP INC","74144T108","2702337",0.00039979026577959876,"-",2646388,"USD"
"SYF","SYNCHRONY FINANCIAL","87165B103","BP96PS6",0.00039651722246950217,"-",4154750,"USD"
"PHM","PULTEGROUP INC","745867101","2708841",0.00038930255688047837,"-",2352395,"USD"
"CPAY","CORPAY INC","219948106","BMX5GK7",0.0003885441687964316,"-",807455,"USD"
"LH","LABCORP HOLDINGS INC","504922105","BSBK800",0.00038673800770153073,"-",1013303,"USD"
"HPQ","HP INC","40434L105","BYX4D52",0.0003803016877777128,"-",11302964,"USD"
"OMC","OMNICOM GROUP","681919106","2279303",0.0003676186449510887,"-",3520089,"USD"
"WST","WEST PHARMACEUTICAL SERVICES","955306105","2950482",0.000366311423385166,"-",872629,"USD"
"DRI","DARDEN RESTAURANTS INC","237194105","2289874",0.00036581248385618784,"-",1414335,"USD"
"CHD","CHURCH + DWIGHT CO INC","171340102","2195841",0.00036512394730619797,"-",2919124,"USD"
"VLTO","VERALTO CORP","92338C103","BPGMZQ5",0.0003623997374779774,"-",3033192,"USD"
"FFIV","F5 INC","315616102","2427599",0.0003598950610425072,"-",696136,"USD"
"TPL","TEXAS PACIFIC LAND CORP","88262P102","BM99VY2",0.00035960567611569987,"-",715452,"USD"
"EQR","EQUITY RESIDENTIAL","29476L107","2319157",0.0003588872031939713,"-",4211738,"USD"
"CMS","CMS ENERGY CORP","125896100","2219224",0.0003574901725128326,"-",3798213,"USD"
"DLTR","DOLLAR TREE INC","256746108","2272476",0.0003558636296483639,"-",2236841,"USD"
"VRSN","VERISIGN INC","92343E102","2142922",0.0003521315619716074,"-",1011091,"USD"
"KHC","KRAFT HEINZ CO/THE","500754106","BYRY499",0.0003514929193745154,"-",10578159,"USD"
"EXPD","EXPEDITORS INTL WASH INC","302130109","2325507",0.0003508143616151052,"-",1615648,"USD"
"IP","INTERNATIONAL PAPER CO","460146103","2465254",0.00035076446766220734,"-",6526520,"USD"
"PKG","PACKAGING CORP OF AMERICA","695156109","2504566",0.00034966680069845545,"-",1093313,"USD"
"FIS","FIDELITY NATIONAL INFO SERV","31620M106","2769796",0.000349197797541216,"-",6384484,"USD"
"CTSH","COGNIZANT TECH SOLUTIONS A","192446102","2257019",0.0003490082005202043,"-",5853422,"USD"
"WRB","WR BERKLEY CORP","084423102","2093644",0.0003484394094571692,"-",3632170,"USD"
"LUV","SOUTHWEST AIRLINES CO","844741108","2831543",0.00034707231514776913,"-",6035198,"USD"
"FSLR","FIRST SOLAR INC","336433107","B1HMF22",0.00034587486027822163,"-",1325986,"USD"
"NI","NISOURCE INC","65473P105","2645409",0.000342831329151455,"-",5905513,"USD"
"PFG","PRINCIPAL FINANCIAL GROUP","74251V102","2803014",0.00034231243204131776,"-",2427156,"USD"
"EXE","EXPAND ENERGY CORP","165167735","BMZ5LZ5",0.0003391990493804942,"-",2957292,"USD"
"STE","STERIS PLC","G8473T100","BFY8C75",0.0003353172998450443,"-",1211517,"USD"
"EFX","EQUIFAX INC","294429105","2319146",0.0003304676076233769,"-",1470711,"USD"
"SNA","SNAP ON INC","833034101","2818740",0.00033034786213642214,"-",639819,"USD"
"ULTA","ULTA BEAUTY INC","90384S303","B28TS42",0.0003274839492400876,"-",537803,"USD"
"JBHT","HUNT (JB) TRANSPRT SVCS INC","445658107","2445416",0.00032743405528718985,"-",919613,"USD"
"AMCR","AMCOR PLC","G0250X149","BV7DQ55",0.0003251389334538904,"-",5671294,"USD"
"KEY","KEYCORP","493267108","2490911",0.0003247198242495488,"-",11383086,"USD"
"DOW","DOW INC","260557103","BHXCF84",0.0003232230056626144,"-",8871556,"USD"
"CHRW","C.H. ROBINSON WORLDWIDE INC","12541W209","2116228",0.00032182597498147563,"-",1455631,"USD"
"VTRS","VIATRIS INC","92556V106","BMWS3X9",0.0003211174808503267,"-",14368903,"USD"
"EL","ESTEE LAUDER COMPANIES CL A","518439104","2320524",0.00032103765052569016,"-",3044870,"USD"
"BRO","BROWN + BROWN INC","115236101","2692687",0.00031802405577066226,"-",3600462,"USD"
"L","LOEWS CORP","540424108","2523022",0.00031310451201493786,"-",2084310,"USD"
"INCY","INCYTE CORP","45337C102","2471950",0.00031008093846933036,"-",2058394,"USD"
"EVRG","EVERGY INC","30034W106","BFMXGR0",0.0003097715959613639,"-",2847670,"USD"
"MRNA","MODERNA INC","60770K107","BGSXTS3",0.0003075263680809623,"-",4362202,"USD"
"IFF","INTL FLAVORS + FRAGRANCES","459506101","2464165",0.0003060295494940279,"-",3160809,"USD"
"GPN","GLOBAL PAYMENTS INC","37940X102","2712013",0.000305959697959971,"-",2872134,"USD"
"GIS","GENERAL MILLS INC","370334104","2367026",0.00030581001610127754,"-",6591550,"USD"
"DD","DUPONT DE NEMOURS INC","26614N201","BW60F13",0.00030126966638757647,"-",1698588,"USD"
"FTV","FORTIVE CORP","34959J108","BYT3MK1",0.00030027178732962024,"-",3765812,"USD"
"LNT","ALLIANT ENERGY CORP","018802108","2973821",0.0002972382349934332,"-",3172550,"USD"
"ESS","ESSEX PROPERTY TRUST INC","297178105","2316619",0.0002922588184942314,"-",793378,"USD"
"CF","CF INDUSTRIES HOLDINGS INC","125269100","B0G4K50",0.0002880377900790764,"-",1897555,"USD"
"LEN","LENNAR CORP A","526057104","2511920",0.000286540971492142,"-",2658894,"USD"
"SBAC","SBA COMMUNICATIONS CORP","78410G104","BZ6TS23",0.0002864611411675055,"-",1309558,"USD"
"STZ","CONSTELLATION BRANDS INC A","21036P108","2170473",0.0002831781190668294,"-",1722705,"USD"
"ZBH","ZIMMER BIOMET HOLDINGS INC","98956P102","2783815",0.00027879743000240137,"-",2389450,"USD"
"KIM","KIMCO REALTY CORP","49446R109","2491594",0.0002784781087038554,"-",8330030,"USD"
"BR","BROADRIDGE FINANCIAL SOLUTIO","11133T103","B1VP7R6",0.0002765721597031589,"-",1428502,"USD"
"CDW","CDW CORP/DE","12514G108","BBM5MD6",0.000276023326221283,"-",1577900,"USD"
"GPC","GENUINE PARTS CO","372460105","2367480",0.0002751252350691223,"-",1700111,"USD"
"BBY","BEST BUY CO INC","086516101","2094670",0.00027223138580104915,"-",2428685,"USD"
"LII","LENNOX INTERNATIONAL INC","526107107","2442053",0.00027106386730324034,"-",390784,"USD"
"BALL","BALL CORP","058498106","2073022",0.0002694872183916694,"-",3288261,"USD"
"TSN","TYSON FOODS INC CL A","902494103","2909730",0.0002680901877105306,"-",3484591,"USD"
"WY","WEYERHAEUSER CO","962166104","2958936",0.0002678407179460416,"-",8839650,"USD"
"NVR","NVR INC","62944T105","2637785",0.00026646364484606195,"-",33315,"USD"
"SMCI","SUPER MICRO COMPUTER INC","86800U302","BRC3N73",0.00026258189531061206,"-",6950727,"USD"
"TXT","TEXTRON INC","883203101","2885937",0.0002611050343048368,"-",2143296,"USD"
"TSCO","TRACTOR SUPPLY COMPANY","892356106","2900335",0.00026105514035193895,"-",6477876,"USD"
"IEX","IDEX CORP","45167R104","2456612",0.0002593288095816746,"-",914262,"USD"
"MAS","MASCO CORP","574599106","2570200",0.0002571135180730117,"-",2499847,"USD"
"AKAM","AKAMAI TECHNOLOGIES INC","00971T101","2507457",0.0002567742391933066,"-",1795515,"USD"
"FDXF","FEDEX FREIGHT HOLDING CO","314352105","BVSVT37",0.0002549780568889853,"-",1338694,"USD"
"INVH","INVITATION HOMES INC","46187W107","BD81GW9",0.0002534812383020509,"-",6750692,"USD"
"BG","BUNGE GLOBAL SA","H11356104","BQ6BPG9",0.0002505674314528186,"-",1682757,"USD"
"J","JACOBS SOLUTIONS INC","46982L108","BNGC0D3",0.0002498689161122492,"-",1458042,"USD"
"HST","HOST HOTELS + RESORTS INC","44107P104","2567503",0.0002489408885883499,"-",7867101,"USD"
"NDSN","NORDSON CORP","655663102","2641838",0.00024679544861374393,"-",654847,"USD"
"DOC","HEALTHPEAK PROPERTIES INC","42250P103","BJBLRK3",0.0002439614720891481,"-",8548239,"USD"
"MAA","MID AMERICA APARTMENT COMM","59522J103","2589132",0.0002430534021464079,"-",1437055,"USD"
"EG","EVEREST GROUP LTD","G3223R108","2556868",0.00024119734709860926,"-",488843,"USD"
"LYB","LYONDELLBASELL INDU CL A","N53745100","B3SPXZ3",0.00023779457951097837,"-",3201033,"USD"
"RL","RALPH LAUREN CORP","751212101","B4V9661",0.000230410274482102,"-",478545,"USD"
"GEN","GEN DIGITAL INC","668771108","BJN4XN5",0.00022943235300530485,"-",6770547,"USD"
"SWK","STANLEY BLACK + DECKER INC","854502101","B3Q2FJ4",0.00022913298928791797,"-",1920022,"USD"
"PTC","PTC INC","69370C100","B95N910",0.00022638882187853824,"-",1426770,"USD"
"LDOS","LEIDOS HOLDINGS INC","525327102","BDV82B8",0.00022633892792564043,"-",1553757,"USD"
"LVS","LAS VEGAS SANDS CORP","517834107","B02T2J7",0.00022291620275685046,"-",3683075,"USD"
"DECK","DECKERS OUTDOOR CORP","243537107","2267278",0.00021637011613665733,"-",1747033,"USD"
"AIZ","ASSURANT INC","04621X108","2331430",0.00021484336117798424,"-",612325,"USD"
"COO","COOPER COS INC/THE","216648501","BQPDXR3",0.00021462382778523385,"-",2409386,"USD"
"ALB","ALBEMARLE CORP","012653101","2046853",0.00021416480341857397,"-",1454595,"USD"
"REG","REGENCY CENTERS CORP","758849103","2726177",0.00021237859990483226,"-",2035325,"USD"
"GL","GLOBE LIFE INC","37959E102","BK6YKG1",0.00021192955432875195,"-",959062,"USD"
"ALLE","ALLEGION PLC","G0176J109","BFRT3W7",0.00021035290541718106,"-",1049659,"USD"
"IVZ","INVESCO LTD","G491BT108","B28XP76",0.0002093749839403839,"-",5487225,"USD"
"TYL","TYLER TECHNOLOGIES INC","902252105","2909644",0.00020831723213895025,"-",520392,"USD"
"TRMB","TRIMBLE INC","896239100","2903958",0.00020348749749844194,"-",2879198,"USD"
"SJM","JM SMUCKER CO/THE","832696405","2951452",0.00020211042439846228,"-",1317509,"USD"
"MKC","MCCORMICK + CO NON VTG SHRS","579780206","2550161",0.00020181106068107538,"-",3146581,"USD"
"PNW","PINNACLE WEST CAPITAL","723484101","2048804",0.00020000489958617453,"-",1497659,"USD"
"GDDY","GODADDY INC   CLASS A","380237107","BWFRFC6",0.00019985521772748112,"-",1635739,"USD"
"ZBRA","ZEBRA TECHNOLOGIES CORP CL A","989207105","2989356",0.00019740043524490872,"-",588730,"USD"
"AVY","AVERY DENNISON CORP","053611109","2066408",0.00019512527099276839,"-",944455,"USD"
"LULU","LULULEMON ATHLETICA INC","550021109","B23FN39",0.0001931794068297537,"-",1293692,"USD"
"APA","APA CORP","03743Q108","BNNF1C1",0.00019221146414353613,"-",4366050,"USD"
"APTV","APTIV PLC","G3265R107","BTDN8H1",0.00019054500611674914,"-",2617157,"USD"
"BAX","BAXTER INTERNATIONAL INC","071813109","2085102",0.0001895371482682133,"-",6408168,"USD"
"HAS","HASBRO INC","418056107","2414580",0.00018920784817908772,"-",1647775,"USD"
"RVTY","REVVITY INC","714046109","2305844",0.00018876878139358698,"-",1378305,"USD"
"CSGP","COSTAR GROUP INC","22160N109","2262864",0.00018646368076970801,"-",5044252,"USD"
"SOLV","SOLVENTUM CORP","83444M101","BMTQB43",0.0001853759925965357,"-",1817833,"USD"
"CLX","CLOROX COMPANY","189054109","2204026",0.00018535603501537658,"-",1501495,"USD"
"ECHO","ECHOSTAR CORP A","278768106","B2NC471",0.00018334031931830491,"-",1668867,"USD"
"UDR","UDR INC","902653104","2727910",0.00018172375524441576,"-",3651663,"USD"
"GNRC","GENERAC HOLDINGS INC","368736104","B6197Q2",0.00018033670335385654,"-",720397,"USD"
"TKO","TKO GROUP HOLDINGS INC","87256C101","BQBBFD1",0.00018013712754226527,"-",777335,"USD"
"ROL","ROLLINS INC","775711104","2747305",0.000179618230432128,"-",3627808,"USD"
"PODD","INSULET CORP","45784P101","B1XGNW4",0.00017886982113866082,"-",855418,"USD"
"CPT","CAMDEN PROPERTY TRUST","133131102","2166320",0.00017750272682926077,"-",1241297,"USD"
"HII","HUNTINGTON INGALLS INDUSTRIE","446413106","B40SSC9",0.00017698382971912345,"-",484500,"USD"
"FOXA","FOX CORP   CLASS A","35137L105","BJJMGL2",0.00017686408423216873,"-",2464030,"USD"
"TECH","BIO TECHNE CORP","09073M104","BSHZ3Q0",0.0001758262900118942,"-",1937178,"USD"
"ALGN","ALIGN TECHNOLOGY INC","016255101","2679204",0.00017338148631990138,"-",814117,"USD"
"CHTR","CHARTER COMMUNICATIONS INC A","16119P108","BZ6VT82",0.00017220398903151297,"-",1032512,"USD"
"JKHY","JACK HENRY + ASSOCIATES INC","426281101","2469193",0.00017009846421922522,"-",877373,"USD"
"CRL","CHARLES RIVER LABORATORIES","159864107","2604336",0.0001691205427424281,"-",594990,"USD"
"AES","AES CORP","00130H105","2002479",0.0001655381569243651,"-",8808360,"USD"
"DPZ","DOMINO S PIZZA INC","25754A201","B01SD70",0.00016466002335336355,"-",378231,"USD"
"BXP","BXP INC","101121101","2019479",0.000160109694849083,"-",1825544,"USD"
"PNR","PENTAIR PLC","G7S00T104","BLS09M3",0.00015984026750343484,"-",1996408,"USD"
"BEN","FRANKLIN RESOURCES INC","354613101","2350684",0.00015943113708967276,"-",3787165,"USD"
"FRT","FEDERAL REALTY INVS TRUST","313745101","BN7P9B2",0.00015697635460710033,"-",974362,"USD"
"NWSA","NEWS CORP   CLASS A","65249B109","BBGVT40",0.00015585873006218932,"-",4506612,"USD"
"IT","GARTNER INC","366651107","2372763",0.00015456148728684615,"-",827169,"USD"
"FDS","FACTSET RESEARCH SYSTEMS INC","303075105","2329770",0.00015159778648471606,"-",449885,"USD"
"SWKS","SKYWORKS SOLUTIONS INC","83088M102","2961053",0.0001493425798137349,"-",1857546,"USD"
"NCLH","NORWEGIAN CRUISE LINE HOLDIN","G66721104","B9CGTC3",0.00014493195437756818,"-",5709538,"USD"
"MGM","MGM RESORTS INTERNATIONAL","552953101","2547419",0.00013747779781463486,"-",2342987,"USD"
"UHS","UNIVERSAL HEALTH SERVICES B","913903100","2923785",0.00013291749051977473,"-",658350,"USD"
"WYNN","WYNN RESORTS LTD","983134107","2963811",0.00013084190207922572,"-",1035585,"USD"
"HSIC","HENRY SCHEIN INC","806407102","2416962",0.00012822745894738028,"-",1195855,"USD"
"ARE","ALEXANDRIA REAL ESTATE EQUIT","015271109","2009210",0.00012570282493075093,"-",1930236,"USD"
"BLDR","BUILDERS FIRSTSOURCE INC","12008R107","B0BV2M7",0.0001223998452489157,"-",1328220,"USD"
"TTD","TRADE DESK INC/THE  CLASS A","88339J105","BD8FDD1",0.00011949601719026295,"-",5273718,"USD"
"HRL","HORMEL FOODS CORP","440452100","2437264",0.00011892722612722787,"-",3602366,"USD"
"DVA","DAVITA INC","23918K108","2898087",0.00011883741701201181,"-",396841,"USD"
"MOS","MOSAIC CO/THE","61945C103","B3NPHP6",0.00011194207272153402,"-",3953934,"USD"
"FOX","FOX CORP   CLASS B","35137L204","BJJMGY5",0.00011125353617154418,"-",1727878,"USD"
"AOS","SMITH (A.O.) CORP","831865209","2816023",0.00010939748112374554,"-",1382480,"USD"
"TAP","MOLSON COORS BEVERAGE CO   B","60871R209","B067BM3",0.00010329046128905319,"-",1981588,"USD"
"ERIE","ERIE INDEMNITY COMPANY CL A","29530P102","2311711",0.00009073714273996334,"-",313685,"USD"
"BF-B","BROWN FORMAN CORP CLASS B","115637209","2146838",0.00007221650742429503,"-",2079902,"USD"
"NWS","NEWS CORP   CLASS B","65249B208","BBGVT51",0.00005902454627811318,"-",1506333,"USD"
"PSKY","PARAMOUNT SKYDANCE CL B","69932A204","BSNMNQ5",0.000039506031904488604,"-",3881848,"USD"
"2602335D","CONTRA HOLOGIC INCORPO","436CVR021","-",2.9936371738688003e-8,"-",2578626,"USD"
